-- Adminer 4.8.1 PostgreSQL 14.6 (Ubuntu 14.6-0ubuntu0.22.04.1) dump

DROP TABLE IF EXISTS "articles";
DROP SEQUENCE IF EXISTS articles_id_seq;
CREATE SEQUENCE articles_id_seq INCREMENT 1 MINVALUE 1 MAXVALUE 9223372036854775807 CACHE 1;

CREATE TABLE "public"."articles" (
    "id" bigint DEFAULT nextval('articles_id_seq') NOT NULL,
    "title" character varying(255) NOT NULL,
    "user_id" bigint NOT NULL,
    "publisher_id" bigint NOT NULL,
    "journal_id" bigint NOT NULL,
    "abstract" text NOT NULL,
    "created_at" timestamp(0),
    "updated_at" timestamp(0),
    CONSTRAINT "articles_pkey" PRIMARY KEY ("id")
) WITH (oids = false);

INSERT INTO "articles" ("id", "title", "user_id", "publisher_id", "journal_id", "abstract", "created_at", "updated_at") VALUES
(1,	'Commodi laboriosam suscipit dolore.',	11,	26,	27,	'Et quia et commodi qui eos harum. Consectetur occaecati dolores odit. Voluptatibus esse qui eos voluptate distinctio deserunt. Facere tempore ut exercitationem unde.',	'2023-03-08 04:59:33',	'2023-03-08 04:59:33'),
(2,	'Est omnis.',	2,	24,	11,	'Non ut esse nihil repellendus esse. Voluptatum magni neque quis in id neque quam voluptatem. Et odit officiis ad in. Hic qui nesciunt expedita at cum quibusdam consequatur.',	'2023-03-08 04:59:33',	'2023-03-08 04:59:33'),
(3,	'Sit vel voluptate adipisci.',	16,	1,	43,	'Ipsum tempora ut commodi suscipit et quo fugiat ut. Vel aspernatur quo sit est ex quibusdam. Culpa aliquid ut autem qui.',	'2023-03-08 04:59:33',	'2023-03-08 04:59:33'),
(4,	'Blanditiis nisi qui quos.',	9,	23,	1,	'Iure accusamus architecto nam. Est necessitatibus magnam reiciendis nihil assumenda ipsam cupiditate quod. Sequi omnis pariatur aperiam fugit adipisci. Sapiente qui error hic sed porro ut.',	'2023-03-08 04:59:33',	'2023-03-08 04:59:33'),
(5,	'Doloremque sed et iste.',	2,	29,	6,	'Earum odio sequi et porro perferendis magnam omnis qui. Id adipisci et nobis aut dolorum aspernatur. Eligendi earum hic quam aspernatur ea possimus ipsam. Reprehenderit dolor enim enim.',	'2023-03-08 04:59:33',	'2023-03-08 04:59:33'),
(6,	'In dignissimos id minima exercitationem.',	9,	8,	15,	'Vel et id quidem autem in in. Placeat facere explicabo illum. Sed earum assumenda delectus omnis accusantium culpa placeat. Eum sequi et dolores corporis.',	'2023-03-08 04:59:33',	'2023-03-08 04:59:33'),
(7,	'Minus voluptatum quia.',	1,	20,	23,	'Laudantium iusto accusantium esse alias id asperiores eius. Quam incidunt quibusdam repellat quia. Provident aut et sit cumque aut doloremque illo vel. Et adipisci qui unde et sunt aut saepe iste.',	'2023-03-08 04:59:33',	'2023-03-08 04:59:33'),
(8,	'Soluta eum omnis.',	2,	38,	6,	'Qui maiores voluptatibus facere id aperiam dolor. Ab id voluptatibus ut unde incidunt. Libero nobis quo tenetur nulla tenetur et quos. Molestiae corporis maxime maxime deserunt eum.',	'2023-03-08 04:59:33',	'2023-03-08 04:59:33'),
(9,	'Similique itaque a voluptate modi est.',	3,	46,	34,	'Maxime aliquid expedita corporis omnis sit quisquam. Sed voluptatibus excepturi aliquid aliquid omnis. Explicabo molestiae praesentium minus sed ut eum.',	'2023-03-08 04:59:33',	'2023-03-08 04:59:33'),
(10,	'Amet officiis odit odit amet quisquam.',	3,	37,	8,	'Aperiam numquam ipsa quo repellat. Doloremque voluptate ipsa qui delectus. Dolor explicabo nihil et impedit.',	'2023-03-08 04:59:33',	'2023-03-08 04:59:33'),
(13,	'Illo voluptas quia.',	13,	3,	22,	'Molestiae atque enim nisi minus ut. Et ea atque quidem asperiores. Incidunt sunt est voluptas quas quaerat voluptas accusamus fugiat.',	'2023-03-08 04:59:33',	'2023-03-08 04:59:33'),
(14,	'Quasi dolores a quae.',	4,	24,	19,	'Quas dicta qui et dolorem. Qui cumque reiciendis quia quaerat. Omnis omnis sit ut veritatis. Non totam iste adipisci ea et sunt veritatis.',	'2023-03-08 04:59:33',	'2023-03-08 04:59:33'),
(15,	'Molestiae eos velit.',	18,	7,	5,	'Vero repellat fuga repellat ut harum est ad. In nihil optio possimus quod. Cumque quos voluptate eaque repellendus et. Incidunt at ducimus dignissimos alias doloremque ratione voluptas.',	'2023-03-08 04:59:33',	'2023-03-08 04:59:33'),
(16,	'Doloremque sunt praesentium numquam est iusto.',	18,	39,	24,	'Delectus quo pariatur velit dolorem totam omnis voluptatem. Reprehenderit libero sint omnis rerum voluptatem reiciendis.',	'2023-03-08 04:59:33',	'2023-03-08 04:59:33'),
(17,	'Consequatur et voluptatibus.',	10,	18,	42,	'Non sit illum laboriosam voluptatem. Inventore ut magnam quod officia.',	'2023-03-08 04:59:33',	'2023-03-08 04:59:33'),
(18,	'Iure similique sed minus.',	11,	22,	22,	'Cum dolores consequuntur nulla dignissimos numquam praesentium aut omnis. Numquam qui maiores sequi unde ut. Fugit autem eaque vero.',	'2023-03-08 04:59:33',	'2023-03-08 04:59:33'),
(19,	'Mollitia et doloribus cupiditate.',	13,	8,	45,	'Qui qui eaque sint sapiente nulla nihil. Deserunt est repellendus cum ea. Et molestiae dolore qui et.',	'2023-03-08 04:59:33',	'2023-03-08 04:59:33'),
(20,	'Excepturi nihil saepe et numquam.',	11,	47,	28,	'Sunt omnis laboriosam aut iusto. Officiis dolore est quae quo consequatur aut.',	'2023-03-08 04:59:33',	'2023-03-08 04:59:33'),
(21,	'Voluptas quas inventore aperiam.',	8,	47,	49,	'Ipsum dolores minima quibusdam ex. Voluptatibus tenetur autem labore consequuntur officia. Quo esse expedita at excepturi autem nam.',	'2023-03-08 04:59:33',	'2023-03-08 04:59:33'),
(22,	'Porro doloribus consequatur eos omnis.',	19,	24,	2,	'Tempora amet architecto quae qui et. Accusantium qui consequatur vel magnam. Et quo eveniet ducimus quas.',	'2023-03-08 04:59:33',	'2023-03-08 04:59:33'),
(23,	'Illum sed omnis libero.',	12,	24,	8,	'Necessitatibus omnis asperiores cumque. Aut sunt nostrum ratione eos deserunt nobis. Nam laboriosam commodi reprehenderit dolores. Et non enim animi nam repellat.',	'2023-03-08 04:59:33',	'2023-03-08 04:59:33'),
(24,	'Molestiae et quis quisquam non.',	7,	32,	48,	'Nobis aut exercitationem error consequatur vel maxime. Dolorem totam id quaerat qui aspernatur eveniet ea eaque. Quos officiis adipisci minus veniam animi soluta voluptate officiis.',	'2023-03-08 04:59:33',	'2023-03-08 04:59:33'),
(25,	'Natus at voluptatem molestiae.',	16,	43,	31,	'Consequuntur cumque quia totam id ut et. Omnis aut sunt repellendus sed exercitationem a ex. Laborum nesciunt quo ex quas sapiente rem quae.',	'2023-03-08 04:59:33',	'2023-03-08 04:59:33'),
(26,	'Voluptas facilis et.',	2,	47,	26,	'Totam deleniti ullam ut reiciendis saepe cupiditate. Nobis sint blanditiis nisi ut sapiente ipsam. Assumenda qui quasi sint sint totam.',	'2023-03-08 04:59:33',	'2023-03-08 04:59:33'),
(27,	'Accusantium adipisci at soluta in dolor.',	20,	19,	47,	'Eos quo ut eum. Sit repellat voluptatibus placeat qui nisi. Et eveniet distinctio nihil eum.',	'2023-03-08 04:59:33',	'2023-03-08 04:59:33'),
(28,	'Laudantium et totam.',	14,	40,	19,	'Perferendis debitis sed qui debitis quas quia. Eos molestiae odio corrupti vitae dolorem sapiente. Molestias molestias eos tenetur illo.',	'2023-03-08 04:59:33',	'2023-03-08 04:59:33'),
(29,	'Illum odio voluptate id nihil excepturi.',	10,	22,	12,	'Non aut eligendi eos explicabo aut dolorem ea. Id qui provident pariatur cupiditate eligendi sit qui. Voluptate et ducimus accusantium inventore.',	'2023-03-08 04:59:33',	'2023-03-08 04:59:33'),
(30,	'Praesentium sed nesciunt expedita.',	20,	34,	10,	'Illum est odio adipisci. Est aut delectus ipsam beatae et perferendis ut deserunt. Error totam qui qui quia.',	'2023-03-08 04:59:33',	'2023-03-08 04:59:33'),
(31,	'Tenetur quo debitis aut neque culpa est.',	19,	34,	16,	'Ut labore dignissimos dolores et. Nihil ut sit earum fugit autem est incidunt maiores. Et magni voluptas non reiciendis atque dolor ea. Magni voluptatem laudantium earum voluptatum quia aut ea.',	'2023-03-08 04:59:33',	'2023-03-08 04:59:33'),
(32,	'Quas perferendis molestiae.',	1,	28,	45,	'Est voluptatem qui laudantium dolorum. Optio esse autem ab qui. Mollitia qui doloribus suscipit non a enim non. Cumque ex qui ut sit dolore.',	'2023-03-08 04:59:33',	'2023-03-08 04:59:33'),
(33,	'Omnis voluptatibus autem error qui facilis.',	9,	28,	16,	'Possimus asperiores tenetur temporibus recusandae sed quia aut debitis. Ducimus aut sit in non. Autem minima consequatur nemo.',	'2023-03-08 04:59:33',	'2023-03-08 04:59:33'),
(34,	'Adipisci at qui voluptate quasi.',	9,	44,	37,	'Deleniti id ab nesciunt esse quis neque. Minima voluptas eos maiores repellat aut molestiae ea. Natus autem numquam illo est.',	'2023-03-08 04:59:33',	'2023-03-08 04:59:33'),
(35,	'Dolor error quisquam laboriosam corporis temporibus.',	15,	9,	10,	'Veritatis voluptatum adipisci similique quia aut sint omnis. Reprehenderit possimus quae dolores accusamus. Rerum maiores qui atque et odit quam quo occaecati.',	'2023-03-08 04:59:33',	'2023-03-08 04:59:33'),
(36,	'Accusantium quisquam est voluptas.',	20,	48,	2,	'Consequuntur maxime exercitationem hic debitis quis ut. Repellat dolores nobis nesciunt aut vel alias earum. Sed voluptatibus voluptatibus natus doloribus.',	'2023-03-08 04:59:33',	'2023-03-08 04:59:33'),
(37,	'Nulla consequuntur doloremque eaque.',	19,	34,	35,	'Eum rerum accusantium pariatur voluptatem consequatur aliquid nam. Delectus sint repudiandae doloremque quo reprehenderit et. Et magni voluptatem alias odit architecto in.',	'2023-03-08 04:59:33',	'2023-03-08 04:59:33'),
(38,	'Dicta ipsam sunt ea.',	16,	5,	1,	'Ut cumque qui quia qui excepturi repudiandae magni consectetur. Eos sed recusandae tenetur voluptatum. Ut aut qui voluptatum sunt ut dolor et.',	'2023-03-08 04:59:33',	'2023-03-08 04:59:33'),
(39,	'In ex voluptas quasi quos vel.',	10,	5,	21,	'Aut voluptas ab ab culpa. Ea nam pariatur excepturi non hic sed autem. Modi rerum quos qui ea. Et fugit quia dicta reiciendis debitis.',	'2023-03-08 04:59:33',	'2023-03-08 04:59:33'),
(40,	'Porro cupiditate est ut voluptates.',	18,	10,	4,	'Et numquam nemo tempora voluptatem nobis at. Reprehenderit reiciendis rerum qui debitis eum deleniti modi rem. Commodi et quaerat possimus eos minima minima delectus.',	'2023-03-08 04:59:33',	'2023-03-08 04:59:33'),
(41,	'Ea et vel.',	20,	13,	30,	'Provident sed aliquam iure modi. Rerum earum occaecati dolores et. Repellendus temporibus ipsa ullam nam et dicta.',	'2023-03-08 04:59:33',	'2023-03-08 04:59:33'),
(42,	'Et voluptas vitae necessitatibus.',	10,	9,	39,	'Iusto hic voluptatem quasi voluptas error. Quia quia itaque totam pariatur modi eius dolor delectus.',	'2023-03-08 04:59:33',	'2023-03-08 04:59:33'),
(43,	'Magnam iusto quae quia.',	5,	24,	18,	'Deserunt eius et explicabo sit minus qui doloribus. Autem et et impedit repellendus blanditiis. Eligendi fugiat impedit illum quo. Est reiciendis autem ut culpa.',	'2023-03-08 04:59:33',	'2023-03-08 04:59:33'),
(44,	'Et ipsum est deserunt qui suscipit.',	12,	18,	24,	'Porro vero minima autem quis voluptas est eligendi. Aspernatur aperiam saepe vel. Sed quibusdam saepe dolorem.',	'2023-03-08 04:59:33',	'2023-03-08 04:59:33'),
(45,	'Aut voluptatem aut.',	7,	37,	21,	'Vero recusandae et eligendi porro. Voluptate at excepturi occaecati perferendis.',	'2023-03-08 04:59:33',	'2023-03-08 04:59:33'),
(46,	'Ipsum reiciendis et autem.',	15,	46,	10,	'Sed omnis tempore reprehenderit placeat rerum reprehenderit. Nesciunt repellat quibusdam est velit quia consequatur ea ea.',	'2023-03-08 04:59:33',	'2023-03-08 04:59:33'),
(47,	'Sed aut animi earum omnis natus nam.',	2,	28,	34,	'Voluptates dolorum voluptatem atque illum iste et aut. Repellendus minus facere veniam culpa vero sit. In praesentium est aut quis.',	'2023-03-08 04:59:33',	'2023-03-08 04:59:33'),
(48,	'Sint nostrum necessitatibus ipsum.',	2,	26,	36,	'Itaque hic dolores ducimus officia magni et itaque. Occaecati officia ea totam.',	'2023-03-08 04:59:33',	'2023-03-08 04:59:33'),
(49,	'Libero rerum qui quis.',	12,	16,	41,	'Numquam adipisci facere dolor ut cupiditate et facilis. Sunt qui reprehenderit impedit numquam nulla iusto dolor beatae. Rem aut et fugiat ut pariatur rerum mollitia.',	'2023-03-08 04:59:33',	'2023-03-08 04:59:33'),
(50,	'Eveniet rerum qui possimus.',	6,	50,	3,	'Doloribus nobis non enim eius eos corporis et quia. Et et qui animi voluptatem.',	'2023-03-08 04:59:33',	'2023-03-08 04:59:33'),
(11,	'Rerum dolores iusto omnis quis.',	2,	1,	36,	'Aut laudantium praesentium saepe et omnis ipsam aspernatur. Architecto maiores et molestiae quae ad. Iste necessitatibus vero eum saepe.',	'2023-03-08 04:59:33',	'2023-03-08 06:02:14'),
(12,	'Sunt a facilis.',	19,	1,	14,	'Corrupti molestiae sequi cumque nemo dignissimos ut beatae. Incidunt reiciendis voluptatum cum quod deleniti. Aut commodi similique officiis et.',	'2023-03-08 04:59:33',	'2023-03-08 06:02:14');

DROP TABLE IF EXISTS "failed_jobs";
DROP SEQUENCE IF EXISTS failed_jobs_id_seq;
CREATE SEQUENCE failed_jobs_id_seq INCREMENT 1 MINVALUE 1 MAXVALUE 9223372036854775807 CACHE 1;

CREATE TABLE "public"."failed_jobs" (
    "id" bigint DEFAULT nextval('failed_jobs_id_seq') NOT NULL,
    "uuid" character varying(255) NOT NULL,
    "connection" text NOT NULL,
    "queue" text NOT NULL,
    "payload" text NOT NULL,
    "exception" text NOT NULL,
    "failed_at" timestamp(0) DEFAULT CURRENT_TIMESTAMP NOT NULL,
    CONSTRAINT "failed_jobs_pkey" PRIMARY KEY ("id"),
    CONSTRAINT "failed_jobs_uuid_unique" UNIQUE ("uuid")
) WITH (oids = false);


DROP TABLE IF EXISTS "fakulties";
DROP SEQUENCE IF EXISTS fakulties_id_seq;
CREATE SEQUENCE fakulties_id_seq INCREMENT 1 MINVALUE 1 MAXVALUE 9223372036854775807 CACHE 1;

CREATE TABLE "public"."fakulties" (
    "id" bigint DEFAULT nextval('fakulties_id_seq') NOT NULL,
    "name" character varying(255) NOT NULL,
    "publisher_id" bigint NOT NULL,
    "created_at" timestamp(0),
    "updated_at" timestamp(0),
    CONSTRAINT "fakulties_pkey" PRIMARY KEY ("id")
) WITH (oids = false);

INSERT INTO "fakulties" ("id", "name", "publisher_id", "created_at", "updated_at") VALUES
(1,	'dolorem',	36,	'2023-03-08 04:59:33',	'2023-03-08 04:59:33'),
(2,	'excepturi',	41,	'2023-03-08 04:59:33',	'2023-03-08 04:59:33'),
(3,	'et',	30,	'2023-03-08 04:59:33',	'2023-03-08 04:59:33'),
(4,	'cupiditate',	41,	'2023-03-08 04:59:33',	'2023-03-08 04:59:33'),
(5,	'repellendus',	49,	'2023-03-08 04:59:33',	'2023-03-08 04:59:33'),
(6,	'reprehenderit',	34,	'2023-03-08 04:59:33',	'2023-03-08 04:59:33'),
(7,	'error',	23,	'2023-03-08 04:59:33',	'2023-03-08 04:59:33'),
(8,	'est',	10,	'2023-03-08 04:59:33',	'2023-03-08 04:59:33'),
(9,	'mollitia',	3,	'2023-03-08 04:59:33',	'2023-03-08 04:59:33'),
(10,	'quia',	3,	'2023-03-08 04:59:33',	'2023-03-08 04:59:33');

DROP TABLE IF EXISTS "journal_subject";
CREATE TABLE "public"."journal_subject" (
    "subject_id" bigint NOT NULL,
    "journal_id" bigint NOT NULL,
    "created_at" timestamp(0),
    "updated_at" timestamp(0),
    CONSTRAINT "journal_subject_pkey" PRIMARY KEY ("subject_id", "journal_id")
) WITH (oids = false);


DROP TABLE IF EXISTS "journals";
DROP SEQUENCE IF EXISTS journals_id_seq;
CREATE SEQUENCE journals_id_seq INCREMENT 1 MINVALUE 1 MAXVALUE 9223372036854775807 CACHE 1;

CREATE TABLE "public"."journals" (
    "id" bigint DEFAULT nextval('journals_id_seq') NOT NULL,
    "contact_name" character varying(255),
    "contact_email" character varying(255),
    "contact_phone" integer,
    "journal_email" character varying(255),
    "contact_address" character varying(255),
    "province_id" bigint,
    "regency_id" bigint,
    "title" character varying(255) NOT NULL,
    "img" character varying(255),
    "description" character varying(255) NOT NULL,
    "website" character varying(255),
    "publisher_id" bigint NOT NULL,
    "issn" character varying(255),
    "eissn" character varying(255),
    "created_at" timestamp(0),
    "updated_at" timestamp(0),
    CONSTRAINT "journals_eissn_unique" UNIQUE ("eissn"),
    CONSTRAINT "journals_issn_unique" UNIQUE ("issn"),
    CONSTRAINT "journals_pkey" PRIMARY KEY ("id")
) WITH (oids = false);

INSERT INTO "journals" ("id", "contact_name", "contact_email", "contact_phone", "journal_email", "contact_address", "province_id", "regency_id", "title", "img", "description", "website", "publisher_id", "issn", "eissn", "created_at", "updated_at") VALUES
(2,	NULL,	NULL,	NULL,	NULL,	NULL,	NULL,	NULL,	'Nam et sint quos.',	'journal.jpg',	'Veniam ducimus quidem perspiciatis hic architecto. Porro voluptas quibusdam rerum consequatur. Recusandae illo praesentium et asperiores perspiciatis.',	'www.unmuh.com',	25,	'10256',	'4525X',	'2023-03-08 04:59:33',	'2023-03-08 04:59:33'),
(3,	NULL,	NULL,	NULL,	NULL,	NULL,	NULL,	NULL,	'Deserunt repellat vel incidunt.',	'journal.jpg',	'Inventore aliquam impedit ipsa. Et assumenda magnam animi quaerat molestias consectetur.',	'www.unmuh.com',	14,	'44878',	'3153C',	'2023-03-08 04:59:33',	'2023-03-08 04:59:33'),
(4,	NULL,	NULL,	NULL,	NULL,	NULL,	NULL,	NULL,	'Qui nostrum.',	'journal.jpg',	'Et quo nulla molestiae nam dolor rem tenetur possimus. Hic eligendi et veniam vel dolores molestiae. Est maiores maxime ipsum voluptatem. Eligendi nihil delectus fugiat ad sapiente eos. Voluptas assumenda ipsam mollitia quia non.',	'www.unmuh.com',	1,	'13552',	'2242Y',	'2023-03-08 04:59:33',	'2023-03-08 04:59:33'),
(5,	NULL,	NULL,	NULL,	NULL,	NULL,	NULL,	NULL,	'Dicta incidunt modi.',	'journal.jpg',	'Debitis consequatur libero animi accusantium. Nam rem accusantium dolorem. Autem debitis quibusdam laboriosam blanditiis. Dolores reiciendis reprehenderit enim similique.',	'www.unmuh.com',	47,	'39800',	'5223G',	'2023-03-08 04:59:33',	'2023-03-08 04:59:33'),
(6,	NULL,	NULL,	NULL,	NULL,	NULL,	NULL,	NULL,	'Quo similique accusamus.',	'journal.jpg',	'Quia aut fugiat ratione sit in dolor corrupti. Similique nostrum dicta optio excepturi nisi maxime tempora velit. Veniam et quia magnam quod.',	'www.unmuh.com',	33,	'30146',	'5455H',	'2023-03-08 04:59:33',	'2023-03-08 04:59:33'),
(7,	NULL,	NULL,	NULL,	NULL,	NULL,	NULL,	NULL,	'Ullam pariatur beatae excepturi.',	'journal.jpg',	'Reprehenderit impedit commodi quia nihil sed. Provident unde qui culpa. Aliquam accusantium quisquam esse sed cumque.',	'www.unmuh.com',	15,	'23105',	'2215M',	'2023-03-08 04:59:33',	'2023-03-08 04:59:33'),
(8,	NULL,	NULL,	NULL,	NULL,	NULL,	NULL,	NULL,	'Ad culpa dolor.',	'journal.jpg',	'Qui nobis illum praesentium maxime magnam dolor officia. Voluptas error nemo perspiciatis quas itaque asperiores dolor saepe. Sit ipsa dolores excepturi necessitatibus.',	'www.unmuh.com',	38,	'20992',	'4442T',	'2023-03-08 04:59:33',	'2023-03-08 04:59:33'),
(9,	NULL,	NULL,	NULL,	NULL,	NULL,	NULL,	NULL,	'Ipsa ipsum nihil.',	'journal.jpg',	'Et aut labore nesciunt et sit explicabo quis. Assumenda corrupti voluptates ut distinctio non. Ipsam commodi placeat sit dolorem hic nostrum eveniet ut.',	'www.unmuh.com',	12,	'45862',	'5544U',	'2023-03-08 04:59:33',	'2023-03-08 04:59:33'),
(10,	NULL,	NULL,	NULL,	NULL,	NULL,	NULL,	NULL,	'Aut eos est dolore.',	'journal.jpg',	'Magni accusamus quas odio dolores facilis voluptatem sit. Laboriosam consequatur ut ratione architecto. Ab odio porro eius sed aut vitae. Facilis architecto aut qui voluptas et non ad. Est nihil cupiditate id qui possimus.',	'www.unmuh.com',	42,	'17099',	'4132S',	'2023-03-08 04:59:33',	'2023-03-08 04:59:33'),
(11,	NULL,	NULL,	NULL,	NULL,	NULL,	NULL,	NULL,	'Dicta maxime aut aut.',	'journal.jpg',	'Asperiores eaque expedita sit ut. Amet explicabo reiciendis earum cupiditate illo illum natus. Quia aut tempora id illo. Doloribus et odio quas et rem magnam ut. Magnam eius voluptatibus facilis eligendi libero.',	'www.unmuh.com',	25,	'43457',	'4441E',	'2023-03-08 04:59:33',	'2023-03-08 04:59:33'),
(12,	NULL,	NULL,	NULL,	NULL,	NULL,	NULL,	NULL,	'Neque voluptatem harum qui.',	'journal.jpg',	'Quo optio magni nemo quia et nobis quia. Tempora delectus deserunt deleniti facilis. Molestiae totam reprehenderit ullam corrupti atque cum. Est velit dolor harum quos.',	'www.unmuh.com',	49,	'81991',	'5512D',	'2023-03-08 04:59:33',	'2023-03-08 04:59:33'),
(13,	NULL,	NULL,	NULL,	NULL,	NULL,	NULL,	NULL,	'Ex eos.',	'journal.jpg',	'Quo quae est deserunt. Sunt non labore delectus dolore nulla et eum. Occaecati nobis adipisci temporibus rerum vero quia est. Et aliquid maxime qui delectus cumque.',	'www.unmuh.com',	21,	'24331',	'4453P',	'2023-03-08 04:59:33',	'2023-03-08 04:59:33'),
(14,	NULL,	NULL,	NULL,	NULL,	NULL,	NULL,	NULL,	'Omnis necessitatibus et quia.',	'journal.jpg',	'Omnis saepe ut ut molestiae dolor nobis. Et deleniti quae repellendus eos voluptas inventore quo. Repudiandae inventore vel atque est in.',	'www.unmuh.com',	38,	'91144',	'4424W',	'2023-03-08 04:59:33',	'2023-03-08 04:59:33'),
(15,	NULL,	NULL,	NULL,	NULL,	NULL,	NULL,	NULL,	'Minima adipisci corporis.',	'journal.jpg',	'Distinctio temporibus est nostrum quidem repudiandae tempore ea. Ullam dolor omnis voluptatem architecto quia illo repudiandae. Tenetur nesciunt corporis quae quis. Voluptatem sapiente quisquam soluta unde et nam.',	'www.unmuh.com',	4,	'17200',	'2313W',	'2023-03-08 04:59:33',	'2023-03-08 04:59:33'),
(16,	NULL,	NULL,	NULL,	NULL,	NULL,	NULL,	NULL,	'Nisi veniam est qui.',	'journal.jpg',	'Accusantium fugiat qui suscipit sit. Ut sit hic doloribus voluptas sit. Fugit est ab quos.',	'www.unmuh.com',	31,	'42384',	'4452G',	'2023-03-08 04:59:33',	'2023-03-08 04:59:33'),
(17,	NULL,	NULL,	NULL,	NULL,	NULL,	NULL,	NULL,	'Ratione tempore corporis.',	'journal.jpg',	'Sunt veniam fuga recusandae. Alias vero ratione aut nihil. Et eum sint eaque saepe dolor et. Vel ducimus ut non voluptatum.',	'www.unmuh.com',	21,	'88274',	'2143U',	'2023-03-08 04:59:33',	'2023-03-08 04:59:33'),
(18,	NULL,	NULL,	NULL,	NULL,	NULL,	NULL,	NULL,	'Dolorem earum voluptatem totam.',	'journal.jpg',	'Et quis deleniti explicabo aliquam officia omnis dolorem voluptatibus. Aut minima eos odio eos. Deleniti porro unde sit nihil. Ullam quam minima alias asperiores iste nihil.',	'www.unmuh.com',	36,	'70681',	'3133Q',	'2023-03-08 04:59:33',	'2023-03-08 04:59:33'),
(19,	NULL,	NULL,	NULL,	NULL,	NULL,	NULL,	NULL,	'Architecto qui repellendus placeat.',	'journal.jpg',	'Quaerat quos a sed adipisci repudiandae similique. Doloremque aut nemo eum vitae sequi officiis illum. Fugit nulla possimus recusandae fuga exercitationem aut. Excepturi quaerat architecto consequatur in.',	'www.unmuh.com',	15,	'35929',	'2324M',	'2023-03-08 04:59:33',	'2023-03-08 04:59:33'),
(21,	NULL,	NULL,	NULL,	NULL,	NULL,	NULL,	NULL,	'Quo est inventore nulla.',	'journal.jpg',	'Itaque sit deserunt ea est sed porro id. Commodi tenetur similique sunt autem vero rerum voluptatem. Ab aut eaque voluptas optio accusamus est impedit. Officiis ullam velit ut dignissimos optio dolore a.',	'www.unmuh.com',	40,	'83655',	'2451R',	'2023-03-08 04:59:34',	'2023-03-08 04:59:34'),
(22,	NULL,	NULL,	NULL,	NULL,	NULL,	NULL,	NULL,	'Similique esse dolor.',	'journal.jpg',	'Officia odio porro impedit est corrupti quis. Soluta odit similique quasi non hic nostrum. Temporibus minus recusandae et rerum repellat sit dolorem. Expedita accusantium consequatur facilis et.',	'www.unmuh.com',	21,	'22455',	'4132M',	'2023-03-08 04:59:34',	'2023-03-08 04:59:34'),
(23,	NULL,	NULL,	NULL,	NULL,	NULL,	NULL,	NULL,	'Non ipsa quia labore.',	'journal.jpg',	'Sit doloremque dolores ipsa illo. Est rerum autem ut modi. Eaque vel sit non. Dolore neque harum et quo maxime eius est. In repellendus commodi qui iusto tempora qui. Maiores dolor et aperiam quia accusantium.',	'www.unmuh.com',	7,	'36473',	'2224S',	'2023-03-08 04:59:34',	'2023-03-08 04:59:34'),
(24,	NULL,	NULL,	NULL,	NULL,	NULL,	NULL,	NULL,	'Quam quis placeat rerum.',	'journal.jpg',	'Et quidem qui vero et. Explicabo laborum ut quos qui nemo consequatur vel doloremque. Voluptatum minus molestiae autem consequatur ad. Reiciendis molestias autem nam natus.',	'www.unmuh.com',	26,	'36214',	'1551K',	'2023-03-08 04:59:34',	'2023-03-08 04:59:34'),
(25,	NULL,	NULL,	NULL,	NULL,	NULL,	NULL,	NULL,	'Sapiente ut asperiores voluptatibus.',	'journal.jpg',	'Et aspernatur et corporis ut occaecati. Et quia qui itaque dolorem. Nihil optio est aut in et et. Voluptas eum mollitia pariatur aliquid. Aut et nihil minus expedita enim iure doloribus. Nisi earum ea est qui.',	'www.unmuh.com',	1,	'90158',	'5115C',	'2023-03-08 04:59:34',	'2023-03-08 04:59:34'),
(1,	NULL,	NULL,	NULL,	NULL,	NULL,	NULL,	NULL,	'-',	'-',	'-',	'-',	1,	'-',	'-',	'2023-03-08 04:59:33',	'2023-03-08 04:59:33'),
(20,	NULL,	NULL,	NULL,	NULL,	NULL,	NULL,	NULL,	'Ullam accusantium eum.',	'journal.jpg',	'Nam veniam tempore facere dolorem. Repudiandae quos nostrum voluptatum incidunt sit et cumque. Provident voluptatem sed laborum officia ex saepe. Rerum et iure laudantium odio non fuga.',	'www.unmuh.com',	1,	'63707',	'5113S',	'2023-03-08 04:59:33',	'2023-03-08 06:02:15'),
(26,	NULL,	NULL,	NULL,	NULL,	NULL,	NULL,	NULL,	'Sed sint aut.',	'journal.jpg',	'Vel illum vero veniam ipsum. Ducimus corporis quidem est consequatur culpa. Corrupti optio accusamus at in distinctio ex sit delectus. Qui ex consequatur voluptatem fugiat. Sit omnis et aliquid quo quia.',	'www.unmuh.com',	39,	'81874',	'2145A',	'2023-03-08 04:59:34',	'2023-03-08 04:59:34'),
(27,	NULL,	NULL,	NULL,	NULL,	NULL,	NULL,	NULL,	'In accusantium.',	'journal.jpg',	'Dolorem et possimus cupiditate neque dolores quisquam. Rem autem voluptatem consequatur iusto doloribus. Numquam accusantium beatae magni sint consectetur earum.',	'www.unmuh.com',	49,	'87044',	'2243D',	'2023-03-08 04:59:34',	'2023-03-08 04:59:34'),
(28,	NULL,	NULL,	NULL,	NULL,	NULL,	NULL,	NULL,	'Vel odit ab.',	'journal.jpg',	'Ducimus recusandae debitis ut ullam maxime mollitia beatae. Voluptas qui in et qui. Tempora voluptas suscipit illo est quisquam. Perferendis nisi error et sit eos doloremque.',	'www.unmuh.com',	48,	'91758',	'3513H',	'2023-03-08 04:59:34',	'2023-03-08 04:59:34'),
(29,	NULL,	NULL,	NULL,	NULL,	NULL,	NULL,	NULL,	'Dicta a pariatur consequuntur.',	'journal.jpg',	'Debitis incidunt velit ut blanditiis sunt modi. Est rem magnam ex. Ut error itaque ut. Tempore distinctio modi maiores provident earum. Excepturi nihil et pariatur. Aut qui blanditiis optio tempora distinctio et sequi.',	'www.unmuh.com',	24,	'72289',	'4232N',	'2023-03-08 04:59:34',	'2023-03-08 04:59:34'),
(30,	NULL,	NULL,	NULL,	NULL,	NULL,	NULL,	NULL,	'Et consequuntur.',	'journal.jpg',	'Sint ipsum harum quia quasi vel. Doloribus quas excepturi consectetur in. Et ut eveniet atque incidunt est doloremque.',	'www.unmuh.com',	42,	'45907',	'5355Y',	'2023-03-08 04:59:34',	'2023-03-08 04:59:34'),
(31,	NULL,	NULL,	NULL,	NULL,	NULL,	NULL,	NULL,	'Autem consectetur dolor et dolores.',	'journal.jpg',	'Non fugit quia dolorem facere deserunt. Aut fuga dicta quaerat consequatur tenetur commodi voluptatem laboriosam. Consequuntur qui commodi enim quia est qui et quod. Voluptatem aut voluptatem fugit voluptas quia quia.',	'www.unmuh.com',	25,	'98565',	'4215Y',	'2023-03-08 04:59:34',	'2023-03-08 04:59:34'),
(32,	NULL,	NULL,	NULL,	NULL,	NULL,	NULL,	NULL,	'Optio velit magnam.',	'journal.jpg',	'Reprehenderit sunt molestias omnis. Inventore delectus quam voluptas. Doloremque dolorem eos minima animi quis et non voluptas. Tenetur est temporibus praesentium nihil ut sunt non.',	'www.unmuh.com',	28,	'80113',	'2113V',	'2023-03-08 04:59:34',	'2023-03-08 04:59:34'),
(33,	NULL,	NULL,	NULL,	NULL,	NULL,	NULL,	NULL,	'Maiores tempore eum qui.',	'journal.jpg',	'Excepturi vero soluta alias et nesciunt asperiores. Quia est reiciendis et ipsa quae voluptatem. Totam dolor et fugiat blanditiis eos aut dolores. Omnis sit aut vel nisi similique quae et.',	'www.unmuh.com',	34,	'22105',	'2353P',	'2023-03-08 04:59:34',	'2023-03-08 04:59:34'),
(34,	NULL,	NULL,	NULL,	NULL,	NULL,	NULL,	NULL,	'Quia aliquam ratione.',	'journal.jpg',	'Quia praesentium dolores aut est dolores vel eius. Nostrum facilis aperiam ut ea ducimus. Voluptas assumenda totam porro.',	'www.unmuh.com',	12,	'15798',	'3451X',	'2023-03-08 04:59:34',	'2023-03-08 04:59:34'),
(35,	NULL,	NULL,	NULL,	NULL,	NULL,	NULL,	NULL,	'Eum totam nam.',	'journal.jpg',	'Ut dignissimos et id hic veritatis. Deserunt doloremque aut est natus. Deserunt dolore dolorum ut modi enim quidem voluptatem.',	'www.unmuh.com',	33,	'47325',	'3151T',	'2023-03-08 04:59:34',	'2023-03-08 04:59:34'),
(36,	NULL,	NULL,	NULL,	NULL,	NULL,	NULL,	NULL,	'Magnam consequatur omnis veritatis.',	'journal.jpg',	'Id unde cumque distinctio vel. Quo et consequatur eaque numquam. In molestiae quia et consequatur laudantium quia voluptatem quae.',	'www.unmuh.com',	11,	'35234',	'3352P',	'2023-03-08 04:59:34',	'2023-03-08 04:59:34'),
(37,	NULL,	NULL,	NULL,	NULL,	NULL,	NULL,	NULL,	'Molestias itaque nemo.',	'journal.jpg',	'Accusamus iure aut voluptatibus nihil. Quia libero quae hic cupiditate est sed. Commodi laborum architecto reprehenderit.',	'www.unmuh.com',	35,	'22881',	'3423N',	'2023-03-08 04:59:34',	'2023-03-08 04:59:34'),
(38,	NULL,	NULL,	NULL,	NULL,	NULL,	NULL,	NULL,	'Ea voluptatum autem accusantium.',	'journal.jpg',	'Et optio consequatur dolores aliquid assumenda. Dolores deleniti quia nulla aut saepe. Est recusandae repudiandae id doloremque in.',	'www.unmuh.com',	42,	'63257',	'1112U',	'2023-03-08 04:59:34',	'2023-03-08 04:59:34'),
(39,	NULL,	NULL,	NULL,	NULL,	NULL,	NULL,	NULL,	'Veniam nesciunt nesciunt.',	'journal.jpg',	'Molestias itaque aut nemo suscipit. Et nemo omnis deserunt eos in non. Porro quia blanditiis rerum nihil quos deleniti ut. Excepturi provident itaque sint rerum.',	'www.unmuh.com',	45,	'90000',	'4212X',	'2023-03-08 04:59:34',	'2023-03-08 04:59:34'),
(40,	NULL,	NULL,	NULL,	NULL,	NULL,	NULL,	NULL,	'Harum voluptatem voluptatem voluptatem laudantium.',	'journal.jpg',	'Sit enim iusto velit nisi. Minima non dolores architecto possimus veniam. Sed sint et voluptas commodi. Consectetur et consectetur et sit ipsam iure delectus. Eos repellat eligendi laborum autem quos.',	'www.unmuh.com',	29,	'62477',	'5541C',	'2023-03-08 04:59:34',	'2023-03-08 04:59:34'),
(41,	NULL,	NULL,	NULL,	NULL,	NULL,	NULL,	NULL,	'Voluptatem aut quam est delectus.',	'journal.jpg',	'Est occaecati velit ab aut maiores doloribus. Non maiores autem quos omnis vitae voluptate. Similique commodi accusantium et odio.',	'www.unmuh.com',	14,	'86105',	'2422A',	'2023-03-08 04:59:34',	'2023-03-08 04:59:34'),
(42,	NULL,	NULL,	NULL,	NULL,	NULL,	NULL,	NULL,	'Dolore eligendi pariatur sunt.',	'journal.jpg',	'Sunt quae voluptas et molestiae et aliquid ab. Quia et maxime repellendus iure aut. Quis iste labore voluptate sed voluptate qui.',	'www.unmuh.com',	28,	'62013',	'5425W',	'2023-03-08 04:59:34',	'2023-03-08 04:59:34'),
(43,	NULL,	NULL,	NULL,	NULL,	NULL,	NULL,	NULL,	'Nostrum blanditiis magni qui.',	'journal.jpg',	'Numquam aut inventore magni aut. Soluta illo ut nemo necessitatibus. Reiciendis voluptate tempora qui optio veritatis tempore dolorum sunt. Voluptate quis sequi fuga ex eligendi quia. Doloremque culpa saepe ipsam beatae. Fuga nesciunt id eaque.',	'www.unmuh.com',	34,	'55860',	'1153W',	'2023-03-08 04:59:34',	'2023-03-08 04:59:34'),
(44,	NULL,	NULL,	NULL,	NULL,	NULL,	NULL,	NULL,	'Voluptas dolore adipisci.',	'journal.jpg',	'Maiores error possimus accusantium mollitia. Repellendus eaque distinctio culpa. Sit voluptas doloribus est harum ullam saepe quae.',	'www.unmuh.com',	4,	'16290',	'5251E',	'2023-03-08 04:59:34',	'2023-03-08 04:59:34'),
(45,	NULL,	NULL,	NULL,	NULL,	NULL,	NULL,	NULL,	'Eum quis animi.',	'journal.jpg',	'Est quis ea non accusantium. Esse maiores non enim quasi dolorum perferendis quo. Earum qui aut doloremque nihil nostrum.',	'www.unmuh.com',	12,	'37138',	'5414X',	'2023-03-08 04:59:34',	'2023-03-08 04:59:34'),
(46,	NULL,	NULL,	NULL,	NULL,	NULL,	NULL,	NULL,	'Repellendus ipsa vero quo.',	'journal.jpg',	'Nihil ab vitae architecto nisi ex enim aspernatur. Quos veritatis voluptatem tempora aut. Possimus hic quaerat eos magni.',	'www.unmuh.com',	3,	'16649',	'2245V',	'2023-03-08 04:59:34',	'2023-03-08 04:59:34'),
(47,	NULL,	NULL,	NULL,	NULL,	NULL,	NULL,	NULL,	'Aspernatur sed blanditiis.',	'journal.jpg',	'Rem totam rerum libero fugit repudiandae. Dolorum debitis consequuntur exercitationem ducimus eum blanditiis. Amet dolor nihil et nesciunt. Ut temporibus odit et impedit qui. Possimus et quaerat aperiam voluptate quia consectetur.',	'www.unmuh.com',	32,	'16304',	'2235S',	'2023-03-08 04:59:34',	'2023-03-08 04:59:34'),
(48,	NULL,	NULL,	NULL,	NULL,	NULL,	NULL,	NULL,	'Vero assumenda impedit officia.',	'journal.jpg',	'Porro nulla aut vitae animi molestiae est quas. Ut et minima impedit praesentium fugiat autem.',	'www.unmuh.com',	46,	'35685',	'4124V',	'2023-03-08 04:59:34',	'2023-03-08 04:59:34'),
(49,	NULL,	NULL,	NULL,	NULL,	NULL,	NULL,	NULL,	'Molestiae consectetur ut laborum.',	'journal.jpg',	'Laboriosam doloribus dolor dolores minima. Libero illo numquam voluptatem dolore.',	'www.unmuh.com',	19,	'17980',	'2122I',	'2023-03-08 04:59:34',	'2023-03-08 04:59:34'),
(50,	NULL,	NULL,	NULL,	NULL,	NULL,	NULL,	NULL,	'Tempora porro ut nesciunt.',	'journal.jpg',	'Qui natus assumenda pariatur aspernatur et facilis. Provident dolorem ut alias maiores iusto. Officia libero occaecati tempore eligendi natus illo.',	'www.unmuh.com',	19,	'31908',	'4222D',	'2023-03-08 04:59:34',	'2023-03-08 04:59:34');

DROP TABLE IF EXISTS "majors";
DROP SEQUENCE IF EXISTS majors_id_seq;
CREATE SEQUENCE majors_id_seq INCREMENT 1 MINVALUE 1 MAXVALUE 9223372036854775807 CACHE 1;

CREATE TABLE "public"."majors" (
    "id" bigint DEFAULT nextval('majors_id_seq') NOT NULL,
    "name" character varying(255) NOT NULL,
    "publisher_id" bigint NOT NULL,
    "created_at" timestamp(0),
    "updated_at" timestamp(0),
    CONSTRAINT "majors_pkey" PRIMARY KEY ("id")
) WITH (oids = false);

INSERT INTO "majors" ("id", "name", "publisher_id", "created_at", "updated_at") VALUES
(1,	'rerum',	25,	'2023-03-08 04:59:34',	'2023-03-08 04:59:34'),
(2,	'aut',	39,	'2023-03-08 04:59:34',	'2023-03-08 04:59:34'),
(3,	'delectus',	5,	'2023-03-08 04:59:34',	'2023-03-08 04:59:34'),
(4,	'libero',	11,	'2023-03-08 04:59:34',	'2023-03-08 04:59:34'),
(5,	'aut',	33,	'2023-03-08 04:59:34',	'2023-03-08 04:59:34'),
(6,	'hic',	48,	'2023-03-08 04:59:34',	'2023-03-08 04:59:34'),
(7,	'rerum',	23,	'2023-03-08 04:59:34',	'2023-03-08 04:59:34'),
(8,	'dolorem',	14,	'2023-03-08 04:59:34',	'2023-03-08 04:59:34'),
(9,	'qui',	36,	'2023-03-08 04:59:34',	'2023-03-08 04:59:34'),
(10,	'consequatur',	13,	'2023-03-08 04:59:34',	'2023-03-08 04:59:34'),
(11,	'quam',	14,	'2023-03-08 04:59:34',	'2023-03-08 04:59:34'),
(12,	'rerum',	37,	'2023-03-08 04:59:34',	'2023-03-08 04:59:34'),
(13,	'hic',	25,	'2023-03-08 04:59:34',	'2023-03-08 04:59:34'),
(14,	'exercitationem',	1,	'2023-03-08 04:59:34',	'2023-03-08 04:59:34'),
(15,	'architecto',	2,	'2023-03-08 04:59:34',	'2023-03-08 04:59:34'),
(16,	'nam',	21,	'2023-03-08 04:59:34',	'2023-03-08 04:59:34'),
(17,	'nulla',	39,	'2023-03-08 04:59:34',	'2023-03-08 04:59:34'),
(18,	'laudantium',	15,	'2023-03-08 04:59:34',	'2023-03-08 04:59:34'),
(19,	'natus',	45,	'2023-03-08 04:59:34',	'2023-03-08 04:59:34'),
(20,	'inventore',	15,	'2023-03-08 04:59:34',	'2023-03-08 04:59:34');

DROP TABLE IF EXISTS "migrations";
DROP SEQUENCE IF EXISTS migrations_id_seq;
CREATE SEQUENCE migrations_id_seq INCREMENT 1 MINVALUE 1 MAXVALUE 2147483647 CACHE 1;

CREATE TABLE "public"."migrations" (
    "id" integer DEFAULT nextval('migrations_id_seq') NOT NULL,
    "migration" character varying(255) NOT NULL,
    "batch" integer NOT NULL,
    CONSTRAINT "migrations_pkey" PRIMARY KEY ("id")
) WITH (oids = false);

INSERT INTO "migrations" ("id", "migration", "batch") VALUES
(1,	'2014_10_12_000000_create_users_table',	1),
(2,	'2014_10_12_100000_create_password_reset_tokens_table',	1),
(3,	'2019_08_19_000000_create_failed_jobs_table',	1),
(4,	'2019_12_14_000001_create_personal_access_tokens_table',	1),
(5,	'2023_03_03_025850_create_publishers_table',	1),
(6,	'2023_03_03_030856_create_fakulties_table',	1),
(7,	'2023_03_03_030907_create_majors_table',	1),
(8,	'2023_03_03_030930_create_journals_table',	1),
(9,	'2023_03_03_030938_create_articles_table',	1),
(10,	'2023_03_03_030949_create_subjects_table',	1),
(11,	'2023_03_03_030955_create_roles_table',	1),
(12,	'2023_03_04_031006_create_journal_subject_table',	1),
(13,	'2023_03_07_092207_create_provinces_table',	1),
(14,	'2023_03_07_092239_create_regencies_table',	1);

DROP TABLE IF EXISTS "password_reset_tokens";
CREATE TABLE "public"."password_reset_tokens" (
    "email" character varying(255) NOT NULL,
    "token" character varying(255) NOT NULL,
    "created_at" timestamp(0),
    CONSTRAINT "password_reset_tokens_pkey" PRIMARY KEY ("email")
) WITH (oids = false);


DROP TABLE IF EXISTS "personal_access_tokens";
DROP SEQUENCE IF EXISTS personal_access_tokens_id_seq;
CREATE SEQUENCE personal_access_tokens_id_seq INCREMENT 1 MINVALUE 1 MAXVALUE 9223372036854775807 CACHE 1;

CREATE TABLE "public"."personal_access_tokens" (
    "id" bigint DEFAULT nextval('personal_access_tokens_id_seq') NOT NULL,
    "tokenable_type" character varying(255) NOT NULL,
    "tokenable_id" bigint NOT NULL,
    "name" character varying(255) NOT NULL,
    "token" character varying(64) NOT NULL,
    "abilities" text,
    "last_used_at" timestamp(0),
    "expires_at" timestamp(0),
    "created_at" timestamp(0),
    "updated_at" timestamp(0),
    CONSTRAINT "personal_access_tokens_pkey" PRIMARY KEY ("id"),
    CONSTRAINT "personal_access_tokens_token_unique" UNIQUE ("token")
) WITH (oids = false);

CREATE INDEX "personal_access_tokens_tokenable_type_tokenable_id_index" ON "public"."personal_access_tokens" USING btree ("tokenable_type", "tokenable_id");


DROP TABLE IF EXISTS "provinces";
DROP SEQUENCE IF EXISTS provinces_id_seq;
CREATE SEQUENCE provinces_id_seq INCREMENT 1 MINVALUE 1 MAXVALUE 9223372036854775807 CACHE 1;

CREATE TABLE "public"."provinces" (
    "id" bigint DEFAULT nextval('provinces_id_seq') NOT NULL,
    "kode" integer NOT NULL,
    "name" character varying(255) NOT NULL,
    "created_at" timestamp(0),
    "updated_at" timestamp(0),
    CONSTRAINT "provinces_pkey" PRIMARY KEY ("id")
) WITH (oids = false);

INSERT INTO "provinces" ("id", "kode", "name", "created_at", "updated_at") VALUES
(1,	11,	' ACEH',	'2023-03-08 05:00:00',	'2023-03-08 05:00:00'),
(2,	12,	' SUMATERA UTARA',	'2023-03-08 05:00:00',	'2023-03-08 05:00:00'),
(3,	13,	' SUMATERA BARAT',	'2023-03-08 05:00:00',	'2023-03-08 05:00:00'),
(4,	14,	' RIAU',	'2023-03-08 05:00:00',	'2023-03-08 05:00:00'),
(5,	15,	' JAMBI',	'2023-03-08 05:00:00',	'2023-03-08 05:00:00'),
(6,	16,	' SUMATERA SELATAN',	'2023-03-08 05:00:00',	'2023-03-08 05:00:00'),
(7,	17,	' BENGKULU',	'2023-03-08 05:00:00',	'2023-03-08 05:00:00'),
(8,	18,	' LAMPUNG',	'2023-03-08 05:00:00',	'2023-03-08 05:00:00'),
(9,	19,	' KEPULAUAN BANGKA BELITUNG',	'2023-03-08 05:00:00',	'2023-03-08 05:00:00'),
(10,	21,	' KEPULAUAN RIAU',	'2023-03-08 05:00:00',	'2023-03-08 05:00:00'),
(11,	31,	' DKI JAKARTA',	'2023-03-08 05:00:00',	'2023-03-08 05:00:00'),
(12,	32,	' JAWA BARAT',	'2023-03-08 05:00:00',	'2023-03-08 05:00:00'),
(13,	33,	' JAWA TENGAH',	'2023-03-08 05:00:00',	'2023-03-08 05:00:00'),
(14,	34,	' DI YOGYAKARTA',	'2023-03-08 05:00:00',	'2023-03-08 05:00:00'),
(15,	35,	' JAWA TIMUR',	'2023-03-08 05:00:00',	'2023-03-08 05:00:00'),
(16,	36,	' BANTEN',	'2023-03-08 05:00:00',	'2023-03-08 05:00:00'),
(17,	51,	' BALI',	'2023-03-08 05:00:00',	'2023-03-08 05:00:00'),
(18,	52,	' NUSA TENGGARA BARAT',	'2023-03-08 05:00:00',	'2023-03-08 05:00:00'),
(19,	53,	' NUSA TENGGARA TIMUR',	'2023-03-08 05:00:00',	'2023-03-08 05:00:00'),
(20,	61,	' KALIMANTAN BARAT',	'2023-03-08 05:00:00',	'2023-03-08 05:00:00'),
(21,	62,	' KALIMANTAN TENGAH',	'2023-03-08 05:00:00',	'2023-03-08 05:00:00'),
(22,	63,	' KALIMANTAN SELATAN',	'2023-03-08 05:00:00',	'2023-03-08 05:00:00'),
(23,	64,	' KALIMANTAN TIMUR',	'2023-03-08 05:00:00',	'2023-03-08 05:00:00'),
(24,	65,	' KALIMANTAN UTARA',	'2023-03-08 05:00:00',	'2023-03-08 05:00:00'),
(25,	71,	' SULAWESI UTARA',	'2023-03-08 05:00:00',	'2023-03-08 05:00:00'),
(26,	72,	' SULAWESI TENGAH',	'2023-03-08 05:00:00',	'2023-03-08 05:00:00'),
(27,	73,	' SULAWESI SELATAN',	'2023-03-08 05:00:00',	'2023-03-08 05:00:00'),
(28,	74,	' SULAWESI TENGGARA',	'2023-03-08 05:00:00',	'2023-03-08 05:00:00'),
(29,	75,	' GORONTALO',	'2023-03-08 05:00:00',	'2023-03-08 05:00:00'),
(30,	76,	' SULAWESI BARAT',	'2023-03-08 05:00:00',	'2023-03-08 05:00:00'),
(31,	81,	' MALUKU',	'2023-03-08 05:00:00',	'2023-03-08 05:00:00'),
(32,	82,	' MALUKU UTARA',	'2023-03-08 05:00:00',	'2023-03-08 05:00:00'),
(33,	91,	' PAPUA BARAT',	'2023-03-08 05:00:00',	'2023-03-08 05:00:00'),
(34,	94,	' PAPUA',	'2023-03-08 05:00:00',	'2023-03-08 05:00:00');

DROP TABLE IF EXISTS "publishers";
DROP SEQUENCE IF EXISTS publishers_id_seq;
CREATE SEQUENCE publishers_id_seq INCREMENT 1 MINVALUE 1 MAXVALUE 9223372036854775807 CACHE 1;

CREATE TABLE "public"."publishers" (
    "id" bigint DEFAULT nextval('publishers_id_seq') NOT NULL,
    "name" character varying(255),
    "img" character varying(255),
    "alias" character varying(255),
    "province_name" character varying(255),
    "regency_name" character varying(255),
    "regency_id" bigint,
    "province_id" bigint,
    "website" character varying(255),
    "created_at" timestamp(0),
    "updated_at" timestamp(0),
    CONSTRAINT "publishers_name_unique" UNIQUE ("name"),
    CONSTRAINT "publishers_pkey" PRIMARY KEY ("id")
) WITH (oids = false);

INSERT INTO "publishers" ("id", "name", "img", "alias", "province_name", "regency_name", "regency_id", "province_id", "website", "created_at", "updated_at") VALUES
(3,	'illum exercitationem',	'unmuh.jpg',	'UI',	NULL,	NULL,	68,	13,	'www.unmuh.com',	'2023-03-08 04:59:34',	'2023-03-08 04:59:34'),
(4,	'dolores deleniti',	'unmuh.jpg',	'UI',	NULL,	NULL,	513,	9,	'www.unmuh.com',	'2023-03-08 04:59:34',	'2023-03-08 04:59:34'),
(5,	'et quia',	'unmuh.jpg',	'UI',	NULL,	NULL,	96,	1,	'www.unmuh.com',	'2023-03-08 04:59:34',	'2023-03-08 04:59:34'),
(6,	'voluptas unde',	'unmuh.jpg',	'UI',	NULL,	NULL,	203,	9,	'www.unmuh.com',	'2023-03-08 04:59:34',	'2023-03-08 04:59:34'),
(7,	'facere nisi',	'unmuh.jpg',	'UI',	NULL,	NULL,	369,	13,	'www.unmuh.com',	'2023-03-08 04:59:34',	'2023-03-08 04:59:34'),
(8,	'exercitationem debitis',	'unmuh.jpg',	'UI',	NULL,	NULL,	212,	29,	'www.unmuh.com',	'2023-03-08 04:59:34',	'2023-03-08 04:59:34'),
(9,	'perspiciatis sint',	'unmuh.jpg',	'UI',	NULL,	NULL,	461,	3,	'www.unmuh.com',	'2023-03-08 04:59:34',	'2023-03-08 04:59:34'),
(10,	'reiciendis veritatis',	'unmuh.jpg',	'UI',	NULL,	NULL,	260,	13,	'www.unmuh.com',	'2023-03-08 04:59:34',	'2023-03-08 04:59:34'),
(11,	'et voluptate',	'unmuh.jpg',	'UI',	NULL,	NULL,	20,	14,	'www.unmuh.com',	'2023-03-08 04:59:34',	'2023-03-08 04:59:34'),
(12,	'numquam repellat',	'unmuh.jpg',	'UI',	NULL,	NULL,	249,	31,	'www.unmuh.com',	'2023-03-08 04:59:34',	'2023-03-08 04:59:34'),
(13,	'veritatis odio',	'unmuh.jpg',	'UI',	NULL,	NULL,	316,	32,	'www.unmuh.com',	'2023-03-08 04:59:34',	'2023-03-08 04:59:34'),
(14,	'soluta amet',	'unmuh.jpg',	'UI',	NULL,	NULL,	340,	25,	'www.unmuh.com',	'2023-03-08 04:59:34',	'2023-03-08 04:59:34'),
(15,	'dolor facilis',	'unmuh.jpg',	'UI',	NULL,	NULL,	149,	31,	'www.unmuh.com',	'2023-03-08 04:59:34',	'2023-03-08 04:59:34'),
(16,	'sunt culpa',	'unmuh.jpg',	'UI',	NULL,	NULL,	454,	9,	'www.unmuh.com',	'2023-03-08 04:59:34',	'2023-03-08 04:59:34'),
(17,	'veniam sunt',	'unmuh.jpg',	'UI',	NULL,	NULL,	103,	22,	'www.unmuh.com',	'2023-03-08 04:59:34',	'2023-03-08 04:59:34'),
(18,	'dignissimos at',	'unmuh.jpg',	'UI',	NULL,	NULL,	390,	15,	'www.unmuh.com',	'2023-03-08 04:59:34',	'2023-03-08 04:59:34'),
(19,	'illo accusantium',	'unmuh.jpg',	'UI',	NULL,	NULL,	20,	31,	'www.unmuh.com',	'2023-03-08 04:59:34',	'2023-03-08 04:59:34'),
(20,	'qui qui',	'unmuh.jpg',	'UI',	NULL,	NULL,	105,	1,	'www.unmuh.com',	'2023-03-08 04:59:34',	'2023-03-08 04:59:34'),
(21,	'est eos',	'unmuh.jpg',	'UI',	NULL,	NULL,	370,	12,	'www.unmuh.com',	'2023-03-08 04:59:34',	'2023-03-08 04:59:34'),
(22,	'atque amet',	'unmuh.jpg',	'UI',	NULL,	NULL,	397,	33,	'www.unmuh.com',	'2023-03-08 04:59:34',	'2023-03-08 04:59:34'),
(23,	'provident iusto',	'unmuh.jpg',	'UI',	NULL,	NULL,	23,	31,	'www.unmuh.com',	'2023-03-08 04:59:34',	'2023-03-08 04:59:34'),
(24,	'sequi nesciunt',	'unmuh.jpg',	'UI',	NULL,	NULL,	142,	29,	'www.unmuh.com',	'2023-03-08 04:59:34',	'2023-03-08 04:59:34'),
(25,	'corporis voluptatem',	'unmuh.jpg',	'UI',	NULL,	NULL,	22,	14,	'www.unmuh.com',	'2023-03-08 04:59:34',	'2023-03-08 04:59:34'),
(26,	'est aspernatur',	'unmuh.jpg',	'UI',	NULL,	NULL,	220,	1,	'www.unmuh.com',	'2023-03-08 04:59:35',	'2023-03-08 04:59:35'),
(27,	'fugit debitis',	'unmuh.jpg',	'UI',	NULL,	NULL,	474,	24,	'www.unmuh.com',	'2023-03-08 04:59:35',	'2023-03-08 04:59:35'),
(28,	'sequi ex',	'unmuh.jpg',	'UI',	NULL,	NULL,	137,	26,	'www.unmuh.com',	'2023-03-08 04:59:35',	'2023-03-08 04:59:35'),
(29,	'exercitationem dolorem',	'unmuh.jpg',	'UI',	NULL,	NULL,	318,	10,	'www.unmuh.com',	'2023-03-08 04:59:35',	'2023-03-08 04:59:35'),
(30,	'est facere',	'unmuh.jpg',	'UI',	NULL,	NULL,	415,	17,	'www.unmuh.com',	'2023-03-08 04:59:35',	'2023-03-08 04:59:35'),
(31,	'non maiores',	'unmuh.jpg',	'UI',	NULL,	NULL,	439,	28,	'www.unmuh.com',	'2023-03-08 04:59:35',	'2023-03-08 04:59:35'),
(32,	'dicta nemo',	'unmuh.jpg',	'UI',	NULL,	NULL,	477,	8,	'www.unmuh.com',	'2023-03-08 04:59:35',	'2023-03-08 04:59:35'),
(33,	'illo dolorem',	'unmuh.jpg',	'UI',	NULL,	NULL,	456,	11,	'www.unmuh.com',	'2023-03-08 04:59:35',	'2023-03-08 04:59:35'),
(34,	'rerum autem',	'unmuh.jpg',	'UI',	NULL,	NULL,	199,	14,	'www.unmuh.com',	'2023-03-08 04:59:35',	'2023-03-08 04:59:35'),
(35,	'error eum',	'unmuh.jpg',	'UI',	NULL,	NULL,	236,	31,	'www.unmuh.com',	'2023-03-08 04:59:35',	'2023-03-08 04:59:35'),
(36,	'similique autem',	'unmuh.jpg',	'UI',	NULL,	NULL,	25,	28,	'www.unmuh.com',	'2023-03-08 04:59:35',	'2023-03-08 04:59:35'),
(37,	'ut suscipit',	'unmuh.jpg',	'UI',	NULL,	NULL,	214,	7,	'www.unmuh.com',	'2023-03-08 04:59:35',	'2023-03-08 04:59:35'),
(38,	'voluptatem enim',	'unmuh.jpg',	'UI',	NULL,	NULL,	361,	25,	'www.unmuh.com',	'2023-03-08 04:59:35',	'2023-03-08 04:59:35'),
(39,	'consequatur quasi',	'unmuh.jpg',	'UI',	NULL,	NULL,	73,	1,	'www.unmuh.com',	'2023-03-08 04:59:35',	'2023-03-08 04:59:35'),
(40,	'ex magnam',	'unmuh.jpg',	'UI',	NULL,	NULL,	360,	17,	'www.unmuh.com',	'2023-03-08 04:59:35',	'2023-03-08 04:59:35'),
(41,	'odit asperiores',	'unmuh.jpg',	'UI',	NULL,	NULL,	342,	17,	'www.unmuh.com',	'2023-03-08 04:59:35',	'2023-03-08 04:59:35'),
(42,	'voluptas necessitatibus',	'unmuh.jpg',	'UI',	NULL,	NULL,	514,	19,	'www.unmuh.com',	'2023-03-08 04:59:35',	'2023-03-08 04:59:35'),
(43,	'quam nam',	'unmuh.jpg',	'UI',	NULL,	NULL,	274,	18,	'www.unmuh.com',	'2023-03-08 04:59:35',	'2023-03-08 04:59:35'),
(44,	'voluptatum amet',	'unmuh.jpg',	'UI',	NULL,	NULL,	303,	17,	'www.unmuh.com',	'2023-03-08 04:59:35',	'2023-03-08 04:59:35'),
(45,	'at atque',	'unmuh.jpg',	'UI',	NULL,	NULL,	253,	29,	'www.unmuh.com',	'2023-03-08 04:59:35',	'2023-03-08 04:59:35'),
(46,	'ea laborum',	'unmuh.jpg',	'UI',	NULL,	NULL,	373,	32,	'www.unmuh.com',	'2023-03-08 04:59:35',	'2023-03-08 04:59:35'),
(47,	'et eos',	'unmuh.jpg',	'UI',	NULL,	NULL,	5,	21,	'www.unmuh.com',	'2023-03-08 04:59:35',	'2023-03-08 04:59:35'),
(48,	'ea consectetur',	'unmuh.jpg',	'UI',	NULL,	NULL,	119,	32,	'www.unmuh.com',	'2023-03-08 04:59:35',	'2023-03-08 04:59:35'),
(49,	'iste dolor',	'unmuh.jpg',	'UI',	NULL,	NULL,	61,	32,	'www.unmuh.com',	'2023-03-08 04:59:35',	'2023-03-08 04:59:35'),
(50,	'perspiciatis cum',	'unmuh.jpg',	'UI',	NULL,	NULL,	119,	10,	'www.unmuh.com',	'2023-03-08 04:59:35',	'2023-03-08 04:59:35'),
(1,	'-',	'-',	'-',	'-',	'-',	1,	1,	'-',	'2023-03-08 04:59:34',	'2023-03-08 04:59:34'),
(51,	'Universitas Muhammadiyah Jember',	'publisher-images/QrAfHAst9dl5XvN5gMcBHXL8reVQ9FwZMo6QFNdZ.jpg',	'UNMUH',	' JAWA TIMUR',	' KABUPATEN ACEH UTARA',	11,	15,	'https://www.google1.com',	'2023-03-08 07:52:04',	'2023-03-08 07:52:04'),
(52,	'Univeristas Aceh',	'publisher-images/548WDjbESegZrQoBPYHYEI8l6h8nfLu9sdD7VoO6.png',	'UA',	' SUMATERA BARAT',	' KABUPATEN PIDIE',	9,	3,	'https://www.google1.comm',	'2023-03-08 08:11:35',	'2023-03-08 08:27:28');

DROP TABLE IF EXISTS "regencies";
DROP SEQUENCE IF EXISTS regencies_id_seq;
CREATE SEQUENCE regencies_id_seq INCREMENT 1 MINVALUE 1 MAXVALUE 9223372036854775807 CACHE 1;

CREATE TABLE "public"."regencies" (
    "id" bigint DEFAULT nextval('regencies_id_seq') NOT NULL,
    "kode_pos" integer NOT NULL,
    "province_id" bigint NOT NULL,
    "name" character varying(255) NOT NULL,
    "created_at" timestamp(0),
    "updated_at" timestamp(0),
    CONSTRAINT "regencies_pkey" PRIMARY KEY ("id")
) WITH (oids = false);

INSERT INTO "regencies" ("id", "kode_pos", "province_id", "name", "created_at", "updated_at") VALUES
(1,	1101,	11,	' KABUPATEN SIMEULUE',	'2023-03-08 05:00:03',	'2023-03-08 05:00:03'),
(2,	1102,	11,	' KABUPATEN ACEH SINGKIL',	'2023-03-08 05:00:03',	'2023-03-08 05:00:03'),
(3,	1103,	11,	' KABUPATEN ACEH SELATAN',	'2023-03-08 05:00:03',	'2023-03-08 05:00:03'),
(4,	1104,	11,	' KABUPATEN ACEH TENGGARA',	'2023-03-08 05:00:03',	'2023-03-08 05:00:03'),
(5,	1105,	11,	' KABUPATEN ACEH TIMUR',	'2023-03-08 05:00:03',	'2023-03-08 05:00:03'),
(6,	1106,	11,	' KABUPATEN ACEH TENGAH',	'2023-03-08 05:00:03',	'2023-03-08 05:00:03'),
(7,	1107,	11,	' KABUPATEN ACEH BARAT',	'2023-03-08 05:00:03',	'2023-03-08 05:00:03'),
(8,	1108,	11,	' KABUPATEN ACEH BESAR',	'2023-03-08 05:00:03',	'2023-03-08 05:00:03'),
(9,	1109,	11,	' KABUPATEN PIDIE',	'2023-03-08 05:00:03',	'2023-03-08 05:00:03'),
(10,	1110,	11,	' KABUPATEN BIREUEN',	'2023-03-08 05:00:03',	'2023-03-08 05:00:03'),
(11,	1111,	11,	' KABUPATEN ACEH UTARA',	'2023-03-08 05:00:03',	'2023-03-08 05:00:03'),
(12,	1112,	11,	' KABUPATEN ACEH BARAT DAYA',	'2023-03-08 05:00:03',	'2023-03-08 05:00:03'),
(13,	1113,	11,	' KABUPATEN GAYO LUES',	'2023-03-08 05:00:03',	'2023-03-08 05:00:03'),
(14,	1114,	11,	' KABUPATEN ACEH TAMIANG',	'2023-03-08 05:00:03',	'2023-03-08 05:00:03'),
(15,	1115,	11,	' KABUPATEN NAGAN RAYA',	'2023-03-08 05:00:03',	'2023-03-08 05:00:03'),
(16,	1116,	11,	' KABUPATEN ACEH JAYA',	'2023-03-08 05:00:03',	'2023-03-08 05:00:03'),
(17,	1117,	11,	' KABUPATEN BENER MERIAH',	'2023-03-08 05:00:03',	'2023-03-08 05:00:03'),
(18,	1118,	11,	' KABUPATEN PIDIE JAYA',	'2023-03-08 05:00:03',	'2023-03-08 05:00:03'),
(19,	1171,	11,	' KOTA BANDA ACEH',	'2023-03-08 05:00:03',	'2023-03-08 05:00:03'),
(20,	1172,	11,	' KOTA SABANG',	'2023-03-08 05:00:03',	'2023-03-08 05:00:03'),
(21,	1173,	11,	' KOTA LANGSA',	'2023-03-08 05:00:03',	'2023-03-08 05:00:03'),
(22,	1174,	11,	' KOTA LHOKSEUMAWE',	'2023-03-08 05:00:03',	'2023-03-08 05:00:03'),
(23,	1175,	11,	' KOTA SUBULUSSALAM',	'2023-03-08 05:00:03',	'2023-03-08 05:00:03'),
(24,	1201,	12,	' KABUPATEN NIAS',	'2023-03-08 05:00:03',	'2023-03-08 05:00:03'),
(25,	1202,	12,	' KABUPATEN MANDAILING NATAL',	'2023-03-08 05:00:03',	'2023-03-08 05:00:03'),
(26,	1203,	12,	' KABUPATEN TAPANULI SELATAN',	'2023-03-08 05:00:03',	'2023-03-08 05:00:03'),
(27,	1204,	12,	' KABUPATEN TAPANULI TENGAH',	'2023-03-08 05:00:03',	'2023-03-08 05:00:03'),
(28,	1205,	12,	' KABUPATEN TAPANULI UTARA',	'2023-03-08 05:00:03',	'2023-03-08 05:00:03'),
(29,	1206,	12,	' KABUPATEN TOBA SAMOSIR',	'2023-03-08 05:00:03',	'2023-03-08 05:00:03'),
(30,	1207,	12,	' KABUPATEN LABUHAN BATU',	'2023-03-08 05:00:03',	'2023-03-08 05:00:03'),
(31,	1208,	12,	' KABUPATEN ASAHAN',	'2023-03-08 05:00:03',	'2023-03-08 05:00:03'),
(32,	1209,	12,	' KABUPATEN SIMALUNGUN',	'2023-03-08 05:00:03',	'2023-03-08 05:00:03'),
(33,	1210,	12,	' KABUPATEN DAIRI',	'2023-03-08 05:00:03',	'2023-03-08 05:00:03'),
(34,	1211,	12,	' KABUPATEN KARO',	'2023-03-08 05:00:03',	'2023-03-08 05:00:03'),
(35,	1212,	12,	' KABUPATEN DELI SERDANG',	'2023-03-08 05:00:03',	'2023-03-08 05:00:03'),
(36,	1213,	12,	' KABUPATEN LANGKAT',	'2023-03-08 05:00:03',	'2023-03-08 05:00:03'),
(37,	1214,	12,	' KABUPATEN NIAS SELATAN',	'2023-03-08 05:00:03',	'2023-03-08 05:00:03'),
(38,	1215,	12,	' KABUPATEN HUMBANG HASUNDUTAN',	'2023-03-08 05:00:03',	'2023-03-08 05:00:03'),
(39,	1216,	12,	' KABUPATEN PAKPAK BHARAT',	'2023-03-08 05:00:03',	'2023-03-08 05:00:03'),
(40,	1217,	12,	' KABUPATEN SAMOSIR',	'2023-03-08 05:00:03',	'2023-03-08 05:00:03'),
(41,	1218,	12,	' KABUPATEN SERDANG BEDAGAI',	'2023-03-08 05:00:03',	'2023-03-08 05:00:03'),
(42,	1219,	12,	' KABUPATEN BATU BARA',	'2023-03-08 05:00:03',	'2023-03-08 05:00:03'),
(43,	1220,	12,	' KABUPATEN PADANG LAWAS UTARA',	'2023-03-08 05:00:03',	'2023-03-08 05:00:03'),
(44,	1221,	12,	' KABUPATEN PADANG LAWAS',	'2023-03-08 05:00:03',	'2023-03-08 05:00:03'),
(45,	1222,	12,	' KABUPATEN LABUHAN BATU SELATAN',	'2023-03-08 05:00:03',	'2023-03-08 05:00:03'),
(46,	1223,	12,	' KABUPATEN LABUHAN BATU UTARA',	'2023-03-08 05:00:03',	'2023-03-08 05:00:03'),
(47,	1224,	12,	' KABUPATEN NIAS UTARA',	'2023-03-08 05:00:03',	'2023-03-08 05:00:03'),
(48,	1225,	12,	' KABUPATEN NIAS BARAT',	'2023-03-08 05:00:03',	'2023-03-08 05:00:03'),
(49,	1271,	12,	' KOTA SIBOLGA',	'2023-03-08 05:00:03',	'2023-03-08 05:00:03'),
(50,	1272,	12,	' KOTA TANJUNG BALAI',	'2023-03-08 05:00:03',	'2023-03-08 05:00:03'),
(51,	1273,	12,	' KOTA PEMATANG SIANTAR',	'2023-03-08 05:00:03',	'2023-03-08 05:00:03'),
(52,	1274,	12,	' KOTA TEBING TINGGI',	'2023-03-08 05:00:03',	'2023-03-08 05:00:03'),
(53,	1275,	12,	' KOTA MEDAN',	'2023-03-08 05:00:03',	'2023-03-08 05:00:03'),
(54,	1276,	12,	' KOTA BINJAI',	'2023-03-08 05:00:03',	'2023-03-08 05:00:03'),
(55,	1277,	12,	' KOTA PADANGSIDIMPUAN',	'2023-03-08 05:00:03',	'2023-03-08 05:00:03'),
(56,	1278,	12,	' KOTA GUNUNGSITOLI',	'2023-03-08 05:00:03',	'2023-03-08 05:00:03'),
(57,	1301,	13,	' KABUPATEN KEPULAUAN MENTAWAI',	'2023-03-08 05:00:03',	'2023-03-08 05:00:03'),
(58,	1302,	13,	' KABUPATEN PESISIR SELATAN',	'2023-03-08 05:00:03',	'2023-03-08 05:00:03'),
(59,	1303,	13,	' KABUPATEN SOLOK',	'2023-03-08 05:00:03',	'2023-03-08 05:00:03'),
(60,	1304,	13,	' KABUPATEN SIJUNJUNG',	'2023-03-08 05:00:03',	'2023-03-08 05:00:03'),
(61,	1305,	13,	' KABUPATEN TANAH DATAR',	'2023-03-08 05:00:03',	'2023-03-08 05:00:03'),
(62,	1306,	13,	' KABUPATEN PADANG PARIAMAN',	'2023-03-08 05:00:03',	'2023-03-08 05:00:03'),
(63,	1307,	13,	' KABUPATEN AGAM',	'2023-03-08 05:00:03',	'2023-03-08 05:00:03'),
(64,	1308,	13,	' KABUPATEN LIMA PULUH KOTA',	'2023-03-08 05:00:03',	'2023-03-08 05:00:03'),
(65,	1309,	13,	' KABUPATEN PASAMAN',	'2023-03-08 05:00:03',	'2023-03-08 05:00:03'),
(66,	1310,	13,	' KABUPATEN SOLOK SELATAN',	'2023-03-08 05:00:03',	'2023-03-08 05:00:03'),
(67,	1311,	13,	' KABUPATEN DHARMASRAYA',	'2023-03-08 05:00:03',	'2023-03-08 05:00:03'),
(68,	1312,	13,	' KABUPATEN PASAMAN BARAT',	'2023-03-08 05:00:03',	'2023-03-08 05:00:03'),
(69,	1371,	13,	' KOTA PADANG',	'2023-03-08 05:00:03',	'2023-03-08 05:00:03'),
(70,	1372,	13,	' KOTA SOLOK',	'2023-03-08 05:00:03',	'2023-03-08 05:00:03'),
(71,	1373,	13,	' KOTA SAWAH LUNTO',	'2023-03-08 05:00:03',	'2023-03-08 05:00:03'),
(72,	1374,	13,	' KOTA PADANG PANJANG',	'2023-03-08 05:00:03',	'2023-03-08 05:00:03'),
(73,	1375,	13,	' KOTA BUKITTINGGI',	'2023-03-08 05:00:03',	'2023-03-08 05:00:03'),
(74,	1376,	13,	' KOTA PAYAKUMBUH',	'2023-03-08 05:00:04',	'2023-03-08 05:00:04'),
(75,	1377,	13,	' KOTA PARIAMAN',	'2023-03-08 05:00:04',	'2023-03-08 05:00:04'),
(76,	1401,	14,	' KABUPATEN KUANTAN SINGINGI',	'2023-03-08 05:00:04',	'2023-03-08 05:00:04'),
(77,	1402,	14,	' KABUPATEN INDRAGIRI HULU',	'2023-03-08 05:00:04',	'2023-03-08 05:00:04'),
(78,	1403,	14,	' KABUPATEN INDRAGIRI HILIR',	'2023-03-08 05:00:04',	'2023-03-08 05:00:04'),
(79,	1404,	14,	' KABUPATEN PELALAWAN',	'2023-03-08 05:00:04',	'2023-03-08 05:00:04'),
(80,	1405,	14,	' KABUPATEN S I A K',	'2023-03-08 05:00:04',	'2023-03-08 05:00:04'),
(81,	1406,	14,	' KABUPATEN KAMPAR',	'2023-03-08 05:00:04',	'2023-03-08 05:00:04'),
(82,	1407,	14,	' KABUPATEN ROKAN HULU',	'2023-03-08 05:00:04',	'2023-03-08 05:00:04'),
(83,	1408,	14,	' KABUPATEN BENGKALIS',	'2023-03-08 05:00:04',	'2023-03-08 05:00:04'),
(84,	1409,	14,	' KABUPATEN ROKAN HILIR',	'2023-03-08 05:00:04',	'2023-03-08 05:00:04'),
(85,	1410,	14,	' KABUPATEN KEPULAUAN MERANTI',	'2023-03-08 05:00:04',	'2023-03-08 05:00:04'),
(86,	1471,	14,	' KOTA PEKANBARU',	'2023-03-08 05:00:04',	'2023-03-08 05:00:04'),
(87,	1473,	14,	' KOTA D U M A I',	'2023-03-08 05:00:04',	'2023-03-08 05:00:04'),
(88,	1501,	15,	' KABUPATEN KERINCI',	'2023-03-08 05:00:04',	'2023-03-08 05:00:04'),
(89,	1502,	15,	' KABUPATEN MERANGIN',	'2023-03-08 05:00:04',	'2023-03-08 05:00:04'),
(90,	1503,	15,	' KABUPATEN SAROLANGUN',	'2023-03-08 05:00:04',	'2023-03-08 05:00:04'),
(91,	1504,	15,	' KABUPATEN BATANG HARI',	'2023-03-08 05:00:04',	'2023-03-08 05:00:04'),
(92,	1505,	15,	' KABUPATEN MUARO JAMBI',	'2023-03-08 05:00:04',	'2023-03-08 05:00:04'),
(93,	1506,	15,	' KABUPATEN TANJUNG JABUNG TIMUR',	'2023-03-08 05:00:04',	'2023-03-08 05:00:04'),
(94,	1507,	15,	' KABUPATEN TANJUNG JABUNG BARAT',	'2023-03-08 05:00:04',	'2023-03-08 05:00:04'),
(95,	1508,	15,	' KABUPATEN TEBO',	'2023-03-08 05:00:04',	'2023-03-08 05:00:04'),
(96,	1509,	15,	' KABUPATEN BUNGO',	'2023-03-08 05:00:04',	'2023-03-08 05:00:04'),
(97,	1571,	15,	' KOTA JAMBI',	'2023-03-08 05:00:04',	'2023-03-08 05:00:04'),
(98,	1572,	15,	' KOTA SUNGAI PENUH',	'2023-03-08 05:00:04',	'2023-03-08 05:00:04'),
(99,	1601,	16,	' KABUPATEN OGAN KOMERING ULU',	'2023-03-08 05:00:04',	'2023-03-08 05:00:04'),
(100,	1602,	16,	' KABUPATEN OGAN KOMERING ILIR',	'2023-03-08 05:00:04',	'2023-03-08 05:00:04'),
(101,	1603,	16,	' KABUPATEN MUARA ENIM',	'2023-03-08 05:00:04',	'2023-03-08 05:00:04'),
(102,	1604,	16,	' KABUPATEN LAHAT',	'2023-03-08 05:00:04',	'2023-03-08 05:00:04'),
(103,	1605,	16,	' KABUPATEN MUSI RAWAS',	'2023-03-08 05:00:04',	'2023-03-08 05:00:04'),
(104,	1606,	16,	' KABUPATEN MUSI BANYUASIN',	'2023-03-08 05:00:04',	'2023-03-08 05:00:04'),
(105,	1607,	16,	' KABUPATEN BANYU ASIN',	'2023-03-08 05:00:04',	'2023-03-08 05:00:04'),
(106,	1608,	16,	' KABUPATEN OGAN KOMERING ULU SELATAN',	'2023-03-08 05:00:04',	'2023-03-08 05:00:04'),
(107,	1609,	16,	' KABUPATEN OGAN KOMERING ULU TIMUR',	'2023-03-08 05:00:04',	'2023-03-08 05:00:04'),
(108,	1610,	16,	' KABUPATEN OGAN ILIR',	'2023-03-08 05:00:04',	'2023-03-08 05:00:04'),
(109,	1611,	16,	' KABUPATEN EMPAT LAWANG',	'2023-03-08 05:00:04',	'2023-03-08 05:00:04'),
(110,	1612,	16,	' KABUPATEN PENUKAL ABAB LEMATANG ILIR',	'2023-03-08 05:00:04',	'2023-03-08 05:00:04'),
(111,	1613,	16,	' KABUPATEN MUSI RAWAS UTARA',	'2023-03-08 05:00:04',	'2023-03-08 05:00:04'),
(112,	1671,	16,	' KOTA PALEMBANG',	'2023-03-08 05:00:04',	'2023-03-08 05:00:04'),
(113,	1672,	16,	' KOTA PRABUMULIH',	'2023-03-08 05:00:04',	'2023-03-08 05:00:04'),
(114,	1673,	16,	' KOTA PAGAR ALAM',	'2023-03-08 05:00:04',	'2023-03-08 05:00:04'),
(115,	1674,	16,	' KOTA LUBUKLINGGAU',	'2023-03-08 05:00:04',	'2023-03-08 05:00:04'),
(116,	1701,	17,	' KABUPATEN BENGKULU SELATAN',	'2023-03-08 05:00:04',	'2023-03-08 05:00:04'),
(117,	1702,	17,	' KABUPATEN REJANG LEBONG',	'2023-03-08 05:00:04',	'2023-03-08 05:00:04'),
(118,	1703,	17,	' KABUPATEN BENGKULU UTARA',	'2023-03-08 05:00:04',	'2023-03-08 05:00:04'),
(119,	1704,	17,	' KABUPATEN KAUR',	'2023-03-08 05:00:04',	'2023-03-08 05:00:04'),
(120,	1705,	17,	' KABUPATEN SELUMA',	'2023-03-08 05:00:04',	'2023-03-08 05:00:04'),
(121,	1706,	17,	' KABUPATEN MUKOMUKO',	'2023-03-08 05:00:04',	'2023-03-08 05:00:04'),
(122,	1707,	17,	' KABUPATEN LEBONG',	'2023-03-08 05:00:04',	'2023-03-08 05:00:04'),
(123,	1708,	17,	' KABUPATEN KEPAHIANG',	'2023-03-08 05:00:04',	'2023-03-08 05:00:04'),
(124,	1709,	17,	' KABUPATEN BENGKULU TENGAH',	'2023-03-08 05:00:04',	'2023-03-08 05:00:04'),
(125,	1771,	17,	' KOTA BENGKULU',	'2023-03-08 05:00:04',	'2023-03-08 05:00:04'),
(126,	1801,	18,	' KABUPATEN LAMPUNG BARAT',	'2023-03-08 05:00:04',	'2023-03-08 05:00:04'),
(127,	1802,	18,	' KABUPATEN TANGGAMUS',	'2023-03-08 05:00:04',	'2023-03-08 05:00:04'),
(128,	1803,	18,	' KABUPATEN LAMPUNG SELATAN',	'2023-03-08 05:00:04',	'2023-03-08 05:00:04'),
(129,	1804,	18,	' KABUPATEN LAMPUNG TIMUR',	'2023-03-08 05:00:04',	'2023-03-08 05:00:04'),
(130,	1805,	18,	' KABUPATEN LAMPUNG TENGAH',	'2023-03-08 05:00:04',	'2023-03-08 05:00:04'),
(131,	1806,	18,	' KABUPATEN LAMPUNG UTARA',	'2023-03-08 05:00:04',	'2023-03-08 05:00:04'),
(132,	1807,	18,	' KABUPATEN WAY KANAN',	'2023-03-08 05:00:04',	'2023-03-08 05:00:04'),
(133,	1808,	18,	' KABUPATEN TULANGBAWANG',	'2023-03-08 05:00:04',	'2023-03-08 05:00:04'),
(134,	1809,	18,	' KABUPATEN PESAWARAN',	'2023-03-08 05:00:04',	'2023-03-08 05:00:04'),
(135,	1810,	18,	' KABUPATEN PRINGSEWU',	'2023-03-08 05:00:04',	'2023-03-08 05:00:04'),
(136,	1811,	18,	' KABUPATEN MESUJI',	'2023-03-08 05:00:04',	'2023-03-08 05:00:04'),
(137,	1812,	18,	' KABUPATEN TULANG BAWANG BARAT',	'2023-03-08 05:00:04',	'2023-03-08 05:00:04'),
(138,	1813,	18,	' KABUPATEN PESISIR BARAT',	'2023-03-08 05:00:04',	'2023-03-08 05:00:04'),
(139,	1871,	18,	' KOTA BANDAR LAMPUNG',	'2023-03-08 05:00:04',	'2023-03-08 05:00:04'),
(140,	1872,	18,	' KOTA METRO',	'2023-03-08 05:00:04',	'2023-03-08 05:00:04'),
(141,	1901,	19,	' KABUPATEN BANGKA',	'2023-03-08 05:00:04',	'2023-03-08 05:00:04'),
(142,	1902,	19,	' KABUPATEN BELITUNG',	'2023-03-08 05:00:04',	'2023-03-08 05:00:04'),
(143,	1903,	19,	' KABUPATEN BANGKA BARAT',	'2023-03-08 05:00:04',	'2023-03-08 05:00:04'),
(144,	1904,	19,	' KABUPATEN BANGKA TENGAH',	'2023-03-08 05:00:04',	'2023-03-08 05:00:04'),
(145,	1905,	19,	' KABUPATEN BANGKA SELATAN',	'2023-03-08 05:00:04',	'2023-03-08 05:00:04'),
(146,	1906,	19,	' KABUPATEN BELITUNG TIMUR',	'2023-03-08 05:00:04',	'2023-03-08 05:00:04'),
(147,	1971,	19,	' KOTA PANGKAL PINANG',	'2023-03-08 05:00:04',	'2023-03-08 05:00:04'),
(148,	2101,	21,	' KABUPATEN KARIMUN',	'2023-03-08 05:00:04',	'2023-03-08 05:00:04'),
(149,	2102,	21,	' KABUPATEN BINTAN',	'2023-03-08 05:00:04',	'2023-03-08 05:00:04'),
(150,	2103,	21,	' KABUPATEN NATUNA',	'2023-03-08 05:00:04',	'2023-03-08 05:00:04'),
(151,	2104,	21,	' KABUPATEN LINGGA',	'2023-03-08 05:00:04',	'2023-03-08 05:00:04'),
(152,	2105,	21,	' KABUPATEN KEPULAUAN ANAMBAS',	'2023-03-08 05:00:04',	'2023-03-08 05:00:04'),
(153,	2171,	21,	' KOTA B A T A M',	'2023-03-08 05:00:04',	'2023-03-08 05:00:04'),
(154,	2172,	21,	' KOTA TANJUNG PINANG',	'2023-03-08 05:00:04',	'2023-03-08 05:00:04'),
(155,	3101,	31,	' KABUPATEN KEPULAUAN SERIBU',	'2023-03-08 05:00:04',	'2023-03-08 05:00:04'),
(156,	3171,	31,	' KOTA JAKARTA SELATAN',	'2023-03-08 05:00:04',	'2023-03-08 05:00:04'),
(157,	3172,	31,	' KOTA JAKARTA TIMUR',	'2023-03-08 05:00:04',	'2023-03-08 05:00:04'),
(158,	3173,	31,	' KOTA JAKARTA PUSAT',	'2023-03-08 05:00:04',	'2023-03-08 05:00:04'),
(159,	3174,	31,	' KOTA JAKARTA BARAT',	'2023-03-08 05:00:04',	'2023-03-08 05:00:04'),
(160,	3175,	31,	' KOTA JAKARTA UTARA',	'2023-03-08 05:00:04',	'2023-03-08 05:00:04'),
(161,	3201,	32,	' KABUPATEN BOGOR',	'2023-03-08 05:00:04',	'2023-03-08 05:00:04'),
(162,	3202,	32,	' KABUPATEN SUKABUMI',	'2023-03-08 05:00:04',	'2023-03-08 05:00:04'),
(163,	3203,	32,	' KABUPATEN CIANJUR',	'2023-03-08 05:00:05',	'2023-03-08 05:00:05'),
(164,	3204,	32,	' KABUPATEN BANDUNG',	'2023-03-08 05:00:05',	'2023-03-08 05:00:05'),
(165,	3205,	32,	' KABUPATEN GARUT',	'2023-03-08 05:00:05',	'2023-03-08 05:00:05'),
(166,	3206,	32,	' KABUPATEN TASIKMALAYA',	'2023-03-08 05:00:05',	'2023-03-08 05:00:05'),
(167,	3207,	32,	' KABUPATEN CIAMIS',	'2023-03-08 05:00:05',	'2023-03-08 05:00:05'),
(168,	3208,	32,	' KABUPATEN KUNINGAN',	'2023-03-08 05:00:05',	'2023-03-08 05:00:05'),
(169,	3209,	32,	' KABUPATEN CIREBON',	'2023-03-08 05:00:05',	'2023-03-08 05:00:05'),
(170,	3210,	32,	' KABUPATEN MAJALENGKA',	'2023-03-08 05:00:05',	'2023-03-08 05:00:05'),
(171,	3211,	32,	' KABUPATEN SUMEDANG',	'2023-03-08 05:00:05',	'2023-03-08 05:00:05'),
(172,	3212,	32,	' KABUPATEN INDRAMAYU',	'2023-03-08 05:00:05',	'2023-03-08 05:00:05'),
(173,	3213,	32,	' KABUPATEN SUBANG',	'2023-03-08 05:00:05',	'2023-03-08 05:00:05'),
(174,	3214,	32,	' KABUPATEN PURWAKARTA',	'2023-03-08 05:00:05',	'2023-03-08 05:00:05'),
(175,	3215,	32,	' KABUPATEN KARAWANG',	'2023-03-08 05:00:05',	'2023-03-08 05:00:05'),
(176,	3216,	32,	' KABUPATEN BEKASI',	'2023-03-08 05:00:05',	'2023-03-08 05:00:05'),
(177,	3217,	32,	' KABUPATEN BANDUNG BARAT',	'2023-03-08 05:00:05',	'2023-03-08 05:00:05'),
(178,	3218,	32,	' KABUPATEN PANGANDARAN',	'2023-03-08 05:00:05',	'2023-03-08 05:00:05'),
(179,	3271,	32,	' KOTA BOGOR',	'2023-03-08 05:00:05',	'2023-03-08 05:00:05'),
(180,	3272,	32,	' KOTA SUKABUMI',	'2023-03-08 05:00:05',	'2023-03-08 05:00:05'),
(181,	3273,	32,	' KOTA BANDUNG',	'2023-03-08 05:00:05',	'2023-03-08 05:00:05'),
(182,	3274,	32,	' KOTA CIREBON',	'2023-03-08 05:00:05',	'2023-03-08 05:00:05'),
(183,	3275,	32,	' KOTA BEKASI',	'2023-03-08 05:00:05',	'2023-03-08 05:00:05'),
(184,	3276,	32,	' KOTA DEPOK',	'2023-03-08 05:00:05',	'2023-03-08 05:00:05'),
(185,	3277,	32,	' KOTA CIMAHI',	'2023-03-08 05:00:05',	'2023-03-08 05:00:05'),
(186,	3278,	32,	' KOTA TASIKMALAYA',	'2023-03-08 05:00:05',	'2023-03-08 05:00:05'),
(187,	3279,	32,	' KOTA BANJAR',	'2023-03-08 05:00:05',	'2023-03-08 05:00:05'),
(188,	3301,	33,	' KABUPATEN CILACAP',	'2023-03-08 05:00:05',	'2023-03-08 05:00:05'),
(189,	3302,	33,	' KABUPATEN BANYUMAS',	'2023-03-08 05:00:05',	'2023-03-08 05:00:05'),
(190,	3303,	33,	' KABUPATEN PURBALINGGA',	'2023-03-08 05:00:05',	'2023-03-08 05:00:05'),
(191,	3304,	33,	' KABUPATEN BANJARNEGARA',	'2023-03-08 05:00:05',	'2023-03-08 05:00:05'),
(192,	3305,	33,	' KABUPATEN KEBUMEN',	'2023-03-08 05:00:05',	'2023-03-08 05:00:05'),
(193,	3306,	33,	' KABUPATEN PURWOREJO',	'2023-03-08 05:00:05',	'2023-03-08 05:00:05'),
(194,	3307,	33,	' KABUPATEN WONOSOBO',	'2023-03-08 05:00:05',	'2023-03-08 05:00:05'),
(195,	3308,	33,	' KABUPATEN MAGELANG',	'2023-03-08 05:00:05',	'2023-03-08 05:00:05'),
(196,	3309,	33,	' KABUPATEN BOYOLALI',	'2023-03-08 05:00:05',	'2023-03-08 05:00:05'),
(197,	3310,	33,	' KABUPATEN KLATEN',	'2023-03-08 05:00:05',	'2023-03-08 05:00:05'),
(198,	3311,	33,	' KABUPATEN SUKOHARJO',	'2023-03-08 05:00:05',	'2023-03-08 05:00:05'),
(199,	3312,	33,	' KABUPATEN WONOGIRI',	'2023-03-08 05:00:05',	'2023-03-08 05:00:05'),
(200,	3313,	33,	' KABUPATEN KARANGANYAR',	'2023-03-08 05:00:05',	'2023-03-08 05:00:05'),
(201,	3314,	33,	' KABUPATEN SRAGEN',	'2023-03-08 05:00:05',	'2023-03-08 05:00:05'),
(202,	3315,	33,	' KABUPATEN GROBOGAN',	'2023-03-08 05:00:05',	'2023-03-08 05:00:05'),
(203,	3316,	33,	' KABUPATEN BLORA',	'2023-03-08 05:00:05',	'2023-03-08 05:00:05'),
(204,	3317,	33,	' KABUPATEN REMBANG',	'2023-03-08 05:00:05',	'2023-03-08 05:00:05'),
(205,	3318,	33,	' KABUPATEN PATI',	'2023-03-08 05:00:05',	'2023-03-08 05:00:05'),
(206,	3319,	33,	' KABUPATEN KUDUS',	'2023-03-08 05:00:05',	'2023-03-08 05:00:05'),
(207,	3320,	33,	' KABUPATEN JEPARA',	'2023-03-08 05:00:05',	'2023-03-08 05:00:05'),
(208,	3321,	33,	' KABUPATEN DEMAK',	'2023-03-08 05:00:05',	'2023-03-08 05:00:05'),
(209,	3322,	33,	' KABUPATEN SEMARANG',	'2023-03-08 05:00:05',	'2023-03-08 05:00:05'),
(210,	3323,	33,	' KABUPATEN TEMANGGUNG',	'2023-03-08 05:00:05',	'2023-03-08 05:00:05'),
(211,	3324,	33,	' KABUPATEN KENDAL',	'2023-03-08 05:00:05',	'2023-03-08 05:00:05'),
(212,	3325,	33,	' KABUPATEN BATANG',	'2023-03-08 05:00:05',	'2023-03-08 05:00:05'),
(213,	3326,	33,	' KABUPATEN PEKALONGAN',	'2023-03-08 05:00:05',	'2023-03-08 05:00:05'),
(214,	3327,	33,	' KABUPATEN PEMALANG',	'2023-03-08 05:00:05',	'2023-03-08 05:00:05'),
(215,	3328,	33,	' KABUPATEN TEGAL',	'2023-03-08 05:00:05',	'2023-03-08 05:00:05'),
(216,	3329,	33,	' KABUPATEN BREBES',	'2023-03-08 05:00:05',	'2023-03-08 05:00:05'),
(217,	3371,	33,	' KOTA MAGELANG',	'2023-03-08 05:00:05',	'2023-03-08 05:00:05'),
(218,	3372,	33,	' KOTA SURAKARTA',	'2023-03-08 05:00:05',	'2023-03-08 05:00:05'),
(219,	3373,	33,	' KOTA SALATIGA',	'2023-03-08 05:00:05',	'2023-03-08 05:00:05'),
(220,	3374,	33,	' KOTA SEMARANG',	'2023-03-08 05:00:05',	'2023-03-08 05:00:05'),
(221,	3375,	33,	' KOTA PEKALONGAN',	'2023-03-08 05:00:05',	'2023-03-08 05:00:05'),
(222,	3376,	33,	' KOTA TEGAL',	'2023-03-08 05:00:05',	'2023-03-08 05:00:05'),
(223,	3401,	34,	' KABUPATEN KULON PROGO',	'2023-03-08 05:00:05',	'2023-03-08 05:00:05'),
(224,	3402,	34,	' KABUPATEN BANTUL',	'2023-03-08 05:00:05',	'2023-03-08 05:00:05'),
(225,	3403,	34,	' KABUPATEN GUNUNG KIDUL',	'2023-03-08 05:00:05',	'2023-03-08 05:00:05'),
(226,	3404,	34,	' KABUPATEN SLEMAN',	'2023-03-08 05:00:05',	'2023-03-08 05:00:05'),
(227,	3471,	34,	' KOTA YOGYAKARTA',	'2023-03-08 05:00:05',	'2023-03-08 05:00:05'),
(228,	3501,	35,	' KABUPATEN PACITAN',	'2023-03-08 05:00:05',	'2023-03-08 05:00:05'),
(229,	3502,	35,	' KABUPATEN PONOROGO',	'2023-03-08 05:00:05',	'2023-03-08 05:00:05'),
(230,	3503,	35,	' KABUPATEN TRENGGALEK',	'2023-03-08 05:00:05',	'2023-03-08 05:00:05'),
(231,	3504,	35,	' KABUPATEN TULUNGAGUNG',	'2023-03-08 05:00:05',	'2023-03-08 05:00:05'),
(232,	3505,	35,	' KABUPATEN BLITAR',	'2023-03-08 05:00:05',	'2023-03-08 05:00:05'),
(233,	3506,	35,	' KABUPATEN KEDIRI',	'2023-03-08 05:00:05',	'2023-03-08 05:00:05'),
(234,	3507,	35,	' KABUPATEN MALANG',	'2023-03-08 05:00:05',	'2023-03-08 05:00:05'),
(235,	3508,	35,	' KABUPATEN LUMAJANG',	'2023-03-08 05:00:05',	'2023-03-08 05:00:05'),
(236,	3509,	35,	' KABUPATEN JEMBER',	'2023-03-08 05:00:05',	'2023-03-08 05:00:05'),
(237,	3510,	35,	' KABUPATEN BANYUWANGI',	'2023-03-08 05:00:05',	'2023-03-08 05:00:05'),
(238,	3511,	35,	' KABUPATEN BONDOWOSO',	'2023-03-08 05:00:05',	'2023-03-08 05:00:05'),
(239,	3512,	35,	' KABUPATEN SITUBONDO',	'2023-03-08 05:00:05',	'2023-03-08 05:00:05'),
(240,	3513,	35,	' KABUPATEN PROBOLINGGO',	'2023-03-08 05:00:05',	'2023-03-08 05:00:05'),
(241,	3514,	35,	' KABUPATEN PASURUAN',	'2023-03-08 05:00:05',	'2023-03-08 05:00:05'),
(242,	3515,	35,	' KABUPATEN SIDOARJO',	'2023-03-08 05:00:05',	'2023-03-08 05:00:05'),
(243,	3516,	35,	' KABUPATEN MOJOKERTO',	'2023-03-08 05:00:05',	'2023-03-08 05:00:05'),
(244,	3517,	35,	' KABUPATEN JOMBANG',	'2023-03-08 05:00:06',	'2023-03-08 05:00:06'),
(245,	3518,	35,	' KABUPATEN NGANJUK',	'2023-03-08 05:00:06',	'2023-03-08 05:00:06'),
(246,	3519,	35,	' KABUPATEN MADIUN',	'2023-03-08 05:00:06',	'2023-03-08 05:00:06'),
(247,	3520,	35,	' KABUPATEN MAGETAN',	'2023-03-08 05:00:06',	'2023-03-08 05:00:06'),
(248,	3521,	35,	' KABUPATEN NGAWI',	'2023-03-08 05:00:06',	'2023-03-08 05:00:06'),
(249,	3522,	35,	' KABUPATEN BOJONEGORO',	'2023-03-08 05:00:06',	'2023-03-08 05:00:06'),
(250,	3523,	35,	' KABUPATEN TUBAN',	'2023-03-08 05:00:06',	'2023-03-08 05:00:06'),
(251,	3524,	35,	' KABUPATEN LAMONGAN',	'2023-03-08 05:00:06',	'2023-03-08 05:00:06'),
(252,	3525,	35,	' KABUPATEN GRESIK',	'2023-03-08 05:00:06',	'2023-03-08 05:00:06'),
(253,	3526,	35,	' KABUPATEN BANGKALAN',	'2023-03-08 05:00:06',	'2023-03-08 05:00:06'),
(254,	3527,	35,	' KABUPATEN SAMPANG',	'2023-03-08 05:00:06',	'2023-03-08 05:00:06'),
(255,	3528,	35,	' KABUPATEN PAMEKASAN',	'2023-03-08 05:00:06',	'2023-03-08 05:00:06'),
(256,	3529,	35,	' KABUPATEN SUMENEP',	'2023-03-08 05:00:06',	'2023-03-08 05:00:06'),
(257,	3571,	35,	' KOTA KEDIRI',	'2023-03-08 05:00:06',	'2023-03-08 05:00:06'),
(258,	3572,	35,	' KOTA BLITAR',	'2023-03-08 05:00:06',	'2023-03-08 05:00:06'),
(259,	3573,	35,	' KOTA MALANG',	'2023-03-08 05:00:06',	'2023-03-08 05:00:06'),
(260,	3574,	35,	' KOTA PROBOLINGGO',	'2023-03-08 05:00:06',	'2023-03-08 05:00:06'),
(261,	3575,	35,	' KOTA PASURUAN',	'2023-03-08 05:00:06',	'2023-03-08 05:00:06'),
(262,	3576,	35,	' KOTA MOJOKERTO',	'2023-03-08 05:00:06',	'2023-03-08 05:00:06'),
(263,	3577,	35,	' KOTA MADIUN',	'2023-03-08 05:00:06',	'2023-03-08 05:00:06'),
(264,	3578,	35,	' KOTA SURABAYA',	'2023-03-08 05:00:06',	'2023-03-08 05:00:06'),
(265,	3579,	35,	' KOTA BATU',	'2023-03-08 05:00:06',	'2023-03-08 05:00:06'),
(266,	3601,	36,	' KABUPATEN PANDEGLANG',	'2023-03-08 05:00:06',	'2023-03-08 05:00:06'),
(267,	3602,	36,	' KABUPATEN LEBAK',	'2023-03-08 05:00:06',	'2023-03-08 05:00:06'),
(268,	3603,	36,	' KABUPATEN TANGERANG',	'2023-03-08 05:00:06',	'2023-03-08 05:00:06'),
(269,	3604,	36,	' KABUPATEN SERANG',	'2023-03-08 05:00:06',	'2023-03-08 05:00:06'),
(270,	3671,	36,	' KOTA TANGERANG',	'2023-03-08 05:00:06',	'2023-03-08 05:00:06'),
(271,	3672,	36,	' KOTA CILEGON',	'2023-03-08 05:00:06',	'2023-03-08 05:00:06'),
(272,	3673,	36,	' KOTA SERANG',	'2023-03-08 05:00:06',	'2023-03-08 05:00:06'),
(273,	3674,	36,	' KOTA TANGERANG SELATAN',	'2023-03-08 05:00:06',	'2023-03-08 05:00:06'),
(274,	5101,	51,	' KABUPATEN JEMBRANA',	'2023-03-08 05:00:06',	'2023-03-08 05:00:06'),
(275,	5102,	51,	' KABUPATEN TABANAN',	'2023-03-08 05:00:06',	'2023-03-08 05:00:06'),
(276,	5103,	51,	' KABUPATEN BADUNG',	'2023-03-08 05:00:06',	'2023-03-08 05:00:06'),
(277,	5104,	51,	' KABUPATEN GIANYAR',	'2023-03-08 05:00:06',	'2023-03-08 05:00:06'),
(278,	5105,	51,	' KABUPATEN KLUNGKUNG',	'2023-03-08 05:00:06',	'2023-03-08 05:00:06'),
(279,	5106,	51,	' KABUPATEN BANGLI',	'2023-03-08 05:00:06',	'2023-03-08 05:00:06'),
(280,	5107,	51,	' KABUPATEN KARANG ASEM',	'2023-03-08 05:00:06',	'2023-03-08 05:00:06'),
(281,	5108,	51,	' KABUPATEN BULELENG',	'2023-03-08 05:00:06',	'2023-03-08 05:00:06'),
(282,	5171,	51,	' KOTA DENPASAR',	'2023-03-08 05:00:06',	'2023-03-08 05:00:06'),
(283,	5201,	52,	' KABUPATEN LOMBOK BARAT',	'2023-03-08 05:00:06',	'2023-03-08 05:00:06'),
(284,	5202,	52,	' KABUPATEN LOMBOK TENGAH',	'2023-03-08 05:00:07',	'2023-03-08 05:00:07'),
(285,	5203,	52,	' KABUPATEN LOMBOK TIMUR',	'2023-03-08 05:00:07',	'2023-03-08 05:00:07'),
(286,	5204,	52,	' KABUPATEN SUMBAWA',	'2023-03-08 05:00:07',	'2023-03-08 05:00:07'),
(287,	5205,	52,	' KABUPATEN DOMPU',	'2023-03-08 05:00:07',	'2023-03-08 05:00:07'),
(288,	5206,	52,	' KABUPATEN BIMA',	'2023-03-08 05:00:07',	'2023-03-08 05:00:07'),
(289,	5207,	52,	' KABUPATEN SUMBAWA BARAT',	'2023-03-08 05:00:07',	'2023-03-08 05:00:07'),
(290,	5208,	52,	' KABUPATEN LOMBOK UTARA',	'2023-03-08 05:00:07',	'2023-03-08 05:00:07'),
(291,	5271,	52,	' KOTA MATARAM',	'2023-03-08 05:00:07',	'2023-03-08 05:00:07'),
(292,	5272,	52,	' KOTA BIMA',	'2023-03-08 05:00:07',	'2023-03-08 05:00:07'),
(293,	5301,	53,	' KABUPATEN SUMBA BARAT',	'2023-03-08 05:00:07',	'2023-03-08 05:00:07'),
(294,	5302,	53,	' KABUPATEN SUMBA TIMUR',	'2023-03-08 05:00:07',	'2023-03-08 05:00:07'),
(295,	5303,	53,	' KABUPATEN KUPANG',	'2023-03-08 05:00:07',	'2023-03-08 05:00:07'),
(296,	5304,	53,	' KABUPATEN TIMOR TENGAH SELATAN',	'2023-03-08 05:00:07',	'2023-03-08 05:00:07'),
(297,	5305,	53,	' KABUPATEN TIMOR TENGAH UTARA',	'2023-03-08 05:00:07',	'2023-03-08 05:00:07'),
(298,	5306,	53,	' KABUPATEN BELU',	'2023-03-08 05:00:07',	'2023-03-08 05:00:07'),
(299,	5307,	53,	' KABUPATEN ALOR',	'2023-03-08 05:00:07',	'2023-03-08 05:00:07'),
(300,	5308,	53,	' KABUPATEN LEMBATA',	'2023-03-08 05:00:07',	'2023-03-08 05:00:07'),
(301,	5309,	53,	' KABUPATEN FLORES TIMUR',	'2023-03-08 05:00:07',	'2023-03-08 05:00:07'),
(302,	5310,	53,	' KABUPATEN SIKKA',	'2023-03-08 05:00:07',	'2023-03-08 05:00:07'),
(303,	5311,	53,	' KABUPATEN ENDE',	'2023-03-08 05:00:07',	'2023-03-08 05:00:07'),
(304,	5312,	53,	' KABUPATEN NGADA',	'2023-03-08 05:00:07',	'2023-03-08 05:00:07'),
(305,	5313,	53,	' KABUPATEN MANGGARAI',	'2023-03-08 05:00:07',	'2023-03-08 05:00:07'),
(306,	5314,	53,	' KABUPATEN ROTE NDAO',	'2023-03-08 05:00:07',	'2023-03-08 05:00:07'),
(307,	5315,	53,	' KABUPATEN MANGGARAI BARAT',	'2023-03-08 05:00:07',	'2023-03-08 05:00:07'),
(308,	5316,	53,	' KABUPATEN SUMBA TENGAH',	'2023-03-08 05:00:07',	'2023-03-08 05:00:07'),
(309,	5317,	53,	' KABUPATEN SUMBA BARAT DAYA',	'2023-03-08 05:00:07',	'2023-03-08 05:00:07'),
(310,	5318,	53,	' KABUPATEN NAGEKEO',	'2023-03-08 05:00:07',	'2023-03-08 05:00:07'),
(311,	5319,	53,	' KABUPATEN MANGGARAI TIMUR',	'2023-03-08 05:00:07',	'2023-03-08 05:00:07'),
(312,	5320,	53,	' KABUPATEN SABU RAIJUA',	'2023-03-08 05:00:07',	'2023-03-08 05:00:07'),
(313,	5321,	53,	' KABUPATEN MALAKA',	'2023-03-08 05:00:07',	'2023-03-08 05:00:07'),
(314,	5371,	53,	' KOTA KUPANG',	'2023-03-08 05:00:07',	'2023-03-08 05:00:07'),
(315,	6101,	61,	' KABUPATEN SAMBAS',	'2023-03-08 05:00:07',	'2023-03-08 05:00:07'),
(316,	6102,	61,	' KABUPATEN BENGKAYANG',	'2023-03-08 05:00:07',	'2023-03-08 05:00:07'),
(317,	6103,	61,	' KABUPATEN LANDAK',	'2023-03-08 05:00:07',	'2023-03-08 05:00:07'),
(318,	6104,	61,	' KABUPATEN MEMPAWAH',	'2023-03-08 05:00:07',	'2023-03-08 05:00:07'),
(319,	6105,	61,	' KABUPATEN SANGGAU',	'2023-03-08 05:00:07',	'2023-03-08 05:00:07'),
(320,	6106,	61,	' KABUPATEN KETAPANG',	'2023-03-08 05:00:07',	'2023-03-08 05:00:07'),
(321,	6107,	61,	' KABUPATEN SINTANG',	'2023-03-08 05:00:07',	'2023-03-08 05:00:07'),
(322,	6108,	61,	' KABUPATEN KAPUAS HULU',	'2023-03-08 05:00:07',	'2023-03-08 05:00:07'),
(323,	6109,	61,	' KABUPATEN SEKADAU',	'2023-03-08 05:00:07',	'2023-03-08 05:00:07'),
(324,	6110,	61,	' KABUPATEN MELAWI',	'2023-03-08 05:00:07',	'2023-03-08 05:00:07'),
(325,	6111,	61,	' KABUPATEN KAYONG UTARA',	'2023-03-08 05:00:07',	'2023-03-08 05:00:07'),
(326,	6112,	61,	' KABUPATEN KUBU RAYA',	'2023-03-08 05:00:07',	'2023-03-08 05:00:07'),
(327,	6171,	61,	' KOTA PONTIANAK',	'2023-03-08 05:00:07',	'2023-03-08 05:00:07'),
(328,	6172,	61,	' KOTA SINGKAWANG',	'2023-03-08 05:00:07',	'2023-03-08 05:00:07'),
(329,	6201,	62,	' KABUPATEN KOTAWARINGIN BARAT',	'2023-03-08 05:00:07',	'2023-03-08 05:00:07'),
(330,	6202,	62,	' KABUPATEN KOTAWARINGIN TIMUR',	'2023-03-08 05:00:07',	'2023-03-08 05:00:07'),
(331,	6203,	62,	' KABUPATEN KAPUAS',	'2023-03-08 05:00:07',	'2023-03-08 05:00:07'),
(332,	6204,	62,	' KABUPATEN BARITO SELATAN',	'2023-03-08 05:00:07',	'2023-03-08 05:00:07'),
(333,	6205,	62,	' KABUPATEN BARITO UTARA',	'2023-03-08 05:00:07',	'2023-03-08 05:00:07'),
(334,	6206,	62,	' KABUPATEN SUKAMARA',	'2023-03-08 05:00:07',	'2023-03-08 05:00:07'),
(335,	6207,	62,	' KABUPATEN LAMANDAU',	'2023-03-08 05:00:07',	'2023-03-08 05:00:07'),
(336,	6208,	62,	' KABUPATEN SERUYAN',	'2023-03-08 05:00:07',	'2023-03-08 05:00:07'),
(337,	6209,	62,	' KABUPATEN KATINGAN',	'2023-03-08 05:00:07',	'2023-03-08 05:00:07'),
(338,	6210,	62,	' KABUPATEN PULANG PISAU',	'2023-03-08 05:00:07',	'2023-03-08 05:00:07'),
(339,	6211,	62,	' KABUPATEN GUNUNG MAS',	'2023-03-08 05:00:07',	'2023-03-08 05:00:07'),
(340,	6212,	62,	' KABUPATEN BARITO TIMUR',	'2023-03-08 05:00:07',	'2023-03-08 05:00:07'),
(341,	6213,	62,	' KABUPATEN MURUNG RAYA',	'2023-03-08 05:00:07',	'2023-03-08 05:00:07'),
(342,	6271,	62,	' KOTA PALANGKA RAYA',	'2023-03-08 05:00:07',	'2023-03-08 05:00:07'),
(343,	6301,	63,	' KABUPATEN TANAH LAUT',	'2023-03-08 05:00:07',	'2023-03-08 05:00:07'),
(344,	6302,	63,	' KABUPATEN KOTA BARU',	'2023-03-08 05:00:07',	'2023-03-08 05:00:07'),
(345,	6303,	63,	' KABUPATEN BANJAR',	'2023-03-08 05:00:08',	'2023-03-08 05:00:08'),
(346,	6304,	63,	' KABUPATEN BARITO KUALA',	'2023-03-08 05:00:08',	'2023-03-08 05:00:08'),
(347,	6305,	63,	' KABUPATEN TAPIN',	'2023-03-08 05:00:08',	'2023-03-08 05:00:08'),
(348,	6306,	63,	' KABUPATEN HULU SUNGAI SELATAN',	'2023-03-08 05:00:08',	'2023-03-08 05:00:08'),
(349,	6307,	63,	' KABUPATEN HULU SUNGAI TENGAH',	'2023-03-08 05:00:08',	'2023-03-08 05:00:08'),
(350,	6308,	63,	' KABUPATEN HULU SUNGAI UTARA',	'2023-03-08 05:00:08',	'2023-03-08 05:00:08'),
(351,	6309,	63,	' KABUPATEN TABALONG',	'2023-03-08 05:00:08',	'2023-03-08 05:00:08'),
(352,	6310,	63,	' KABUPATEN TANAH BUMBU',	'2023-03-08 05:00:08',	'2023-03-08 05:00:08'),
(353,	6311,	63,	' KABUPATEN BALANGAN',	'2023-03-08 05:00:08',	'2023-03-08 05:00:08'),
(354,	6371,	63,	' KOTA BANJARMASIN',	'2023-03-08 05:00:08',	'2023-03-08 05:00:08'),
(355,	6372,	63,	' KOTA BANJAR BARU',	'2023-03-08 05:00:08',	'2023-03-08 05:00:08'),
(356,	6401,	64,	' KABUPATEN PASER',	'2023-03-08 05:00:08',	'2023-03-08 05:00:08'),
(357,	6402,	64,	' KABUPATEN KUTAI BARAT',	'2023-03-08 05:00:08',	'2023-03-08 05:00:08'),
(358,	6403,	64,	' KABUPATEN KUTAI KARTANEGARA',	'2023-03-08 05:00:08',	'2023-03-08 05:00:08'),
(359,	6404,	64,	' KABUPATEN KUTAI TIMUR',	'2023-03-08 05:00:08',	'2023-03-08 05:00:08'),
(360,	6405,	64,	' KABUPATEN BERAU',	'2023-03-08 05:00:08',	'2023-03-08 05:00:08'),
(361,	6409,	64,	' KABUPATEN PENAJAM PASER UTARA',	'2023-03-08 05:00:08',	'2023-03-08 05:00:08'),
(362,	6411,	64,	' KABUPATEN MAHAKAM HULU',	'2023-03-08 05:00:08',	'2023-03-08 05:00:08'),
(363,	6471,	64,	' KOTA BALIKPAPAN',	'2023-03-08 05:00:08',	'2023-03-08 05:00:08'),
(364,	6472,	64,	' KOTA SAMARINDA',	'2023-03-08 05:00:08',	'2023-03-08 05:00:08'),
(365,	6474,	64,	' KOTA BONTANG',	'2023-03-08 05:00:08',	'2023-03-08 05:00:08'),
(366,	6501,	65,	' KABUPATEN MALINAU',	'2023-03-08 05:00:08',	'2023-03-08 05:00:08'),
(367,	6502,	65,	' KABUPATEN BULUNGAN',	'2023-03-08 05:00:08',	'2023-03-08 05:00:08'),
(368,	6503,	65,	' KABUPATEN TANA TIDUNG',	'2023-03-08 05:00:08',	'2023-03-08 05:00:08'),
(369,	6504,	65,	' KABUPATEN NUNUKAN',	'2023-03-08 05:00:08',	'2023-03-08 05:00:08'),
(370,	6571,	65,	' KOTA TARAKAN',	'2023-03-08 05:00:08',	'2023-03-08 05:00:08'),
(371,	7101,	71,	' KABUPATEN BOLAANG MONGONDOW',	'2023-03-08 05:00:08',	'2023-03-08 05:00:08'),
(372,	7102,	71,	' KABUPATEN MINAHASA',	'2023-03-08 05:00:08',	'2023-03-08 05:00:08'),
(373,	7103,	71,	' KABUPATEN KEPULAUAN SANGIHE',	'2023-03-08 05:00:08',	'2023-03-08 05:00:08'),
(374,	7104,	71,	' KABUPATEN KEPULAUAN TALAUD',	'2023-03-08 05:00:08',	'2023-03-08 05:00:08'),
(375,	7105,	71,	' KABUPATEN MINAHASA SELATAN',	'2023-03-08 05:00:08',	'2023-03-08 05:00:08'),
(376,	7106,	71,	' KABUPATEN MINAHASA UTARA',	'2023-03-08 05:00:08',	'2023-03-08 05:00:08'),
(377,	7107,	71,	' KABUPATEN BOLAANG MONGONDOW UTARA',	'2023-03-08 05:00:08',	'2023-03-08 05:00:08'),
(378,	7108,	71,	' KABUPATEN SIAU TAGULANDANG BIARO',	'2023-03-08 05:00:08',	'2023-03-08 05:00:08'),
(379,	7109,	71,	' KABUPATEN MINAHASA TENGGARA',	'2023-03-08 05:00:08',	'2023-03-08 05:00:08'),
(380,	7110,	71,	' KABUPATEN BOLAANG MONGONDOW SELATAN',	'2023-03-08 05:00:08',	'2023-03-08 05:00:08'),
(381,	7111,	71,	' KABUPATEN BOLAANG MONGONDOW TIMUR',	'2023-03-08 05:00:08',	'2023-03-08 05:00:08'),
(382,	7171,	71,	' KOTA MANADO',	'2023-03-08 05:00:08',	'2023-03-08 05:00:08'),
(383,	7172,	71,	' KOTA BITUNG',	'2023-03-08 05:00:08',	'2023-03-08 05:00:08'),
(384,	7173,	71,	' KOTA TOMOHON',	'2023-03-08 05:00:08',	'2023-03-08 05:00:08'),
(385,	7174,	71,	' KOTA KOTAMOBAGU',	'2023-03-08 05:00:08',	'2023-03-08 05:00:08'),
(386,	7201,	72,	' KABUPATEN BANGGAI KEPULAUAN',	'2023-03-08 05:00:08',	'2023-03-08 05:00:08'),
(387,	7202,	72,	' KABUPATEN BANGGAI',	'2023-03-08 05:00:08',	'2023-03-08 05:00:08'),
(388,	7203,	72,	' KABUPATEN MOROWALI',	'2023-03-08 05:00:08',	'2023-03-08 05:00:08'),
(389,	7204,	72,	' KABUPATEN POSO',	'2023-03-08 05:00:08',	'2023-03-08 05:00:08'),
(390,	7205,	72,	' KABUPATEN DONGGALA',	'2023-03-08 05:00:08',	'2023-03-08 05:00:08'),
(391,	7206,	72,	' KABUPATEN TOLI-TOLI',	'2023-03-08 05:00:08',	'2023-03-08 05:00:08'),
(392,	7207,	72,	' KABUPATEN BUOL',	'2023-03-08 05:00:08',	'2023-03-08 05:00:08'),
(393,	7208,	72,	' KABUPATEN PARIGI MOUTONG',	'2023-03-08 05:00:08',	'2023-03-08 05:00:08'),
(394,	7209,	72,	' KABUPATEN TOJO UNA-UNA',	'2023-03-08 05:00:08',	'2023-03-08 05:00:08'),
(395,	7210,	72,	' KABUPATEN SIGI',	'2023-03-08 05:00:08',	'2023-03-08 05:00:08'),
(396,	7211,	72,	' KABUPATEN BANGGAI LAUT',	'2023-03-08 05:00:08',	'2023-03-08 05:00:08'),
(397,	7212,	72,	' KABUPATEN MOROWALI UTARA',	'2023-03-08 05:00:08',	'2023-03-08 05:00:08'),
(398,	7271,	72,	' KOTA PALU',	'2023-03-08 05:00:08',	'2023-03-08 05:00:08'),
(399,	7301,	73,	' KABUPATEN KEPULAUAN SELAYAR',	'2023-03-08 05:00:08',	'2023-03-08 05:00:08'),
(400,	7302,	73,	' KABUPATEN BULUKUMBA',	'2023-03-08 05:00:08',	'2023-03-08 05:00:08'),
(401,	7303,	73,	' KABUPATEN BANTAENG',	'2023-03-08 05:00:08',	'2023-03-08 05:00:08'),
(402,	7304,	73,	' KABUPATEN JENEPONTO',	'2023-03-08 05:00:08',	'2023-03-08 05:00:08'),
(403,	7305,	73,	' KABUPATEN TAKALAR',	'2023-03-08 05:00:08',	'2023-03-08 05:00:08'),
(404,	7306,	73,	' KABUPATEN GOWA',	'2023-03-08 05:00:08',	'2023-03-08 05:00:08'),
(405,	7307,	73,	' KABUPATEN SINJAI',	'2023-03-08 05:00:08',	'2023-03-08 05:00:08'),
(406,	7308,	73,	' KABUPATEN MAROS',	'2023-03-08 05:00:08',	'2023-03-08 05:00:08'),
(407,	7309,	73,	' KABUPATEN PANGKAJENE DAN KEPULAUAN',	'2023-03-08 05:00:08',	'2023-03-08 05:00:08'),
(408,	7310,	73,	' KABUPATEN BARRU',	'2023-03-08 05:00:08',	'2023-03-08 05:00:08'),
(409,	7311,	73,	' KABUPATEN BONE',	'2023-03-08 05:00:08',	'2023-03-08 05:00:08'),
(410,	7312,	73,	' KABUPATEN SOPPENG',	'2023-03-08 05:00:08',	'2023-03-08 05:00:08'),
(411,	7313,	73,	' KABUPATEN WAJO',	'2023-03-08 05:00:09',	'2023-03-08 05:00:09'),
(412,	7314,	73,	' KABUPATEN SIDENRENG RAPPANG',	'2023-03-08 05:00:09',	'2023-03-08 05:00:09'),
(413,	7315,	73,	' KABUPATEN PINRANG',	'2023-03-08 05:00:09',	'2023-03-08 05:00:09'),
(414,	7316,	73,	' KABUPATEN ENREKANG',	'2023-03-08 05:00:09',	'2023-03-08 05:00:09'),
(415,	7317,	73,	' KABUPATEN LUWU',	'2023-03-08 05:00:09',	'2023-03-08 05:00:09'),
(416,	7318,	73,	' KABUPATEN TANA TORAJA',	'2023-03-08 05:00:09',	'2023-03-08 05:00:09'),
(417,	7322,	73,	' KABUPATEN LUWU UTARA',	'2023-03-08 05:00:09',	'2023-03-08 05:00:09'),
(418,	7325,	73,	' KABUPATEN LUWU TIMUR',	'2023-03-08 05:00:09',	'2023-03-08 05:00:09'),
(419,	7326,	73,	' KABUPATEN TORAJA UTARA',	'2023-03-08 05:00:09',	'2023-03-08 05:00:09'),
(420,	7371,	73,	' KOTA MAKASSAR',	'2023-03-08 05:00:09',	'2023-03-08 05:00:09'),
(421,	7372,	73,	' KOTA PAREPARE',	'2023-03-08 05:00:09',	'2023-03-08 05:00:09'),
(422,	7373,	73,	' KOTA PALOPO',	'2023-03-08 05:00:09',	'2023-03-08 05:00:09'),
(423,	7401,	74,	' KABUPATEN BUTON',	'2023-03-08 05:00:09',	'2023-03-08 05:00:09'),
(424,	7402,	74,	' KABUPATEN MUNA',	'2023-03-08 05:00:09',	'2023-03-08 05:00:09'),
(425,	7403,	74,	' KABUPATEN KONAWE',	'2023-03-08 05:00:09',	'2023-03-08 05:00:09'),
(426,	7404,	74,	' KABUPATEN KOLAKA',	'2023-03-08 05:00:09',	'2023-03-08 05:00:09'),
(427,	7405,	74,	' KABUPATEN KONAWE SELATAN',	'2023-03-08 05:00:09',	'2023-03-08 05:00:09'),
(428,	7406,	74,	' KABUPATEN BOMBANA',	'2023-03-08 05:00:09',	'2023-03-08 05:00:09'),
(429,	7407,	74,	' KABUPATEN WAKATOBI',	'2023-03-08 05:00:09',	'2023-03-08 05:00:09'),
(430,	7408,	74,	' KABUPATEN KOLAKA UTARA',	'2023-03-08 05:00:09',	'2023-03-08 05:00:09'),
(431,	7409,	74,	' KABUPATEN BUTON UTARA',	'2023-03-08 05:00:09',	'2023-03-08 05:00:09'),
(432,	7410,	74,	' KABUPATEN KONAWE UTARA',	'2023-03-08 05:00:09',	'2023-03-08 05:00:09'),
(433,	7411,	74,	' KABUPATEN KOLAKA TIMUR',	'2023-03-08 05:00:09',	'2023-03-08 05:00:09'),
(434,	7412,	74,	' KABUPATEN KONAWE KEPULAUAN',	'2023-03-08 05:00:09',	'2023-03-08 05:00:09'),
(435,	7413,	74,	' KABUPATEN MUNA BARAT',	'2023-03-08 05:00:09',	'2023-03-08 05:00:09'),
(436,	7414,	74,	' KABUPATEN BUTON TENGAH',	'2023-03-08 05:00:09',	'2023-03-08 05:00:09'),
(437,	7415,	74,	' KABUPATEN BUTON SELATAN',	'2023-03-08 05:00:09',	'2023-03-08 05:00:09'),
(438,	7471,	74,	' KOTA KENDARI',	'2023-03-08 05:00:09',	'2023-03-08 05:00:09'),
(439,	7472,	74,	' KOTA BAUBAU',	'2023-03-08 05:00:09',	'2023-03-08 05:00:09'),
(440,	7501,	75,	' KABUPATEN BOALEMO',	'2023-03-08 05:00:09',	'2023-03-08 05:00:09'),
(441,	7502,	75,	' KABUPATEN GORONTALO',	'2023-03-08 05:00:09',	'2023-03-08 05:00:09'),
(442,	7503,	75,	' KABUPATEN POHUWATO',	'2023-03-08 05:00:09',	'2023-03-08 05:00:09'),
(443,	7504,	75,	' KABUPATEN BONE BOLANGO',	'2023-03-08 05:00:09',	'2023-03-08 05:00:09'),
(444,	7505,	75,	' KABUPATEN GORONTALO UTARA',	'2023-03-08 05:00:09',	'2023-03-08 05:00:09'),
(445,	7571,	75,	' KOTA GORONTALO',	'2023-03-08 05:00:09',	'2023-03-08 05:00:09'),
(446,	7601,	76,	' KABUPATEN MAJENE',	'2023-03-08 05:00:09',	'2023-03-08 05:00:09'),
(447,	7602,	76,	' KABUPATEN POLEWALI MANDAR',	'2023-03-08 05:00:09',	'2023-03-08 05:00:09'),
(448,	7603,	76,	' KABUPATEN MAMASA',	'2023-03-08 05:00:09',	'2023-03-08 05:00:09'),
(449,	7604,	76,	' KABUPATEN MAMUJU',	'2023-03-08 05:00:09',	'2023-03-08 05:00:09'),
(450,	7605,	76,	' KABUPATEN MAMUJU UTARA',	'2023-03-08 05:00:09',	'2023-03-08 05:00:09'),
(451,	7606,	76,	' KABUPATEN MAMUJU TENGAH',	'2023-03-08 05:00:09',	'2023-03-08 05:00:09'),
(452,	8101,	81,	' KABUPATEN MALUKU TENGGARA BARAT',	'2023-03-08 05:00:09',	'2023-03-08 05:00:09'),
(453,	8102,	81,	' KABUPATEN MALUKU TENGGARA',	'2023-03-08 05:00:09',	'2023-03-08 05:00:09'),
(454,	8103,	81,	' KABUPATEN MALUKU TENGAH',	'2023-03-08 05:00:09',	'2023-03-08 05:00:09'),
(455,	8104,	81,	' KABUPATEN BURU',	'2023-03-08 05:00:09',	'2023-03-08 05:00:09'),
(456,	8105,	81,	' KABUPATEN KEPULAUAN ARU',	'2023-03-08 05:00:09',	'2023-03-08 05:00:09'),
(457,	8106,	81,	' KABUPATEN SERAM BAGIAN BARAT',	'2023-03-08 05:00:09',	'2023-03-08 05:00:09'),
(458,	8107,	81,	' KABUPATEN SERAM BAGIAN TIMUR',	'2023-03-08 05:00:09',	'2023-03-08 05:00:09'),
(459,	8108,	81,	' KABUPATEN MALUKU BARAT DAYA',	'2023-03-08 05:00:09',	'2023-03-08 05:00:09'),
(460,	8109,	81,	' KABUPATEN BURU SELATAN',	'2023-03-08 05:00:09',	'2023-03-08 05:00:09'),
(461,	8171,	81,	' KOTA AMBON',	'2023-03-08 05:00:09',	'2023-03-08 05:00:09'),
(462,	8172,	81,	' KOTA TUAL',	'2023-03-08 05:00:09',	'2023-03-08 05:00:09'),
(463,	8201,	82,	' KABUPATEN HALMAHERA BARAT',	'2023-03-08 05:00:09',	'2023-03-08 05:00:09'),
(464,	8202,	82,	' KABUPATEN HALMAHERA TENGAH',	'2023-03-08 05:00:09',	'2023-03-08 05:00:09'),
(465,	8203,	82,	' KABUPATEN KEPULAUAN SULA',	'2023-03-08 05:00:09',	'2023-03-08 05:00:09'),
(466,	8204,	82,	' KABUPATEN HALMAHERA SELATAN',	'2023-03-08 05:00:09',	'2023-03-08 05:00:09'),
(467,	8205,	82,	' KABUPATEN HALMAHERA UTARA',	'2023-03-08 05:00:09',	'2023-03-08 05:00:09'),
(468,	8206,	82,	' KABUPATEN HALMAHERA TIMUR',	'2023-03-08 05:00:09',	'2023-03-08 05:00:09'),
(469,	8207,	82,	' KABUPATEN PULAU MOROTAI',	'2023-03-08 05:00:09',	'2023-03-08 05:00:09'),
(470,	8208,	82,	' KABUPATEN PULAU TALIABU',	'2023-03-08 05:00:09',	'2023-03-08 05:00:09'),
(471,	8271,	82,	' KOTA TERNATE',	'2023-03-08 05:00:09',	'2023-03-08 05:00:09'),
(472,	8272,	82,	' KOTA TIDORE KEPULAUAN',	'2023-03-08 05:00:09',	'2023-03-08 05:00:09'),
(473,	9101,	91,	' KABUPATEN FAKFAK',	'2023-03-08 05:00:09',	'2023-03-08 05:00:09'),
(474,	9102,	91,	' KABUPATEN KAIMANA',	'2023-03-08 05:00:09',	'2023-03-08 05:00:09'),
(475,	9103,	91,	' KABUPATEN TELUK WONDAMA',	'2023-03-08 05:00:09',	'2023-03-08 05:00:09'),
(476,	9104,	91,	' KABUPATEN TELUK BINTUNI',	'2023-03-08 05:00:09',	'2023-03-08 05:00:09'),
(477,	9105,	91,	' KABUPATEN MANOKWARI',	'2023-03-08 05:00:09',	'2023-03-08 05:00:09'),
(478,	9106,	91,	' KABUPATEN SORONG SELATAN',	'2023-03-08 05:00:09',	'2023-03-08 05:00:09'),
(479,	9107,	91,	' KABUPATEN SORONG',	'2023-03-08 05:00:09',	'2023-03-08 05:00:09'),
(480,	9108,	91,	' KABUPATEN RAJA AMPAT',	'2023-03-08 05:00:09',	'2023-03-08 05:00:09'),
(481,	9109,	91,	' KABUPATEN TAMBRAUW',	'2023-03-08 05:00:09',	'2023-03-08 05:00:09'),
(482,	9110,	91,	' KABUPATEN MAYBRAT',	'2023-03-08 05:00:09',	'2023-03-08 05:00:09'),
(483,	9111,	91,	' KABUPATEN MANOKWARI SELATAN',	'2023-03-08 05:00:09',	'2023-03-08 05:00:09'),
(484,	9112,	91,	' KABUPATEN PEGUNUNGAN ARFAK',	'2023-03-08 05:00:09',	'2023-03-08 05:00:09'),
(485,	9171,	91,	' KOTA SORONG',	'2023-03-08 05:00:09',	'2023-03-08 05:00:09'),
(486,	9401,	94,	' KABUPATEN MERAUKE',	'2023-03-08 05:00:10',	'2023-03-08 05:00:10'),
(487,	9402,	94,	' KABUPATEN JAYAWIJAYA',	'2023-03-08 05:00:10',	'2023-03-08 05:00:10'),
(488,	9403,	94,	' KABUPATEN JAYAPURA',	'2023-03-08 05:00:10',	'2023-03-08 05:00:10'),
(489,	9404,	94,	' KABUPATEN NABIRE',	'2023-03-08 05:00:10',	'2023-03-08 05:00:10'),
(490,	9408,	94,	' KABUPATEN KEPULAUAN YAPEN',	'2023-03-08 05:00:10',	'2023-03-08 05:00:10'),
(491,	9409,	94,	' KABUPATEN BIAK NUMFOR',	'2023-03-08 05:00:10',	'2023-03-08 05:00:10'),
(492,	9410,	94,	' KABUPATEN PANIAI',	'2023-03-08 05:00:10',	'2023-03-08 05:00:10'),
(493,	9411,	94,	' KABUPATEN PUNCAK JAYA',	'2023-03-08 05:00:10',	'2023-03-08 05:00:10'),
(494,	9412,	94,	' KABUPATEN MIMIKA',	'2023-03-08 05:00:10',	'2023-03-08 05:00:10'),
(495,	9413,	94,	' KABUPATEN BOVEN DIGOEL',	'2023-03-08 05:00:10',	'2023-03-08 05:00:10'),
(496,	9414,	94,	' KABUPATEN MAPPI',	'2023-03-08 05:00:10',	'2023-03-08 05:00:10'),
(497,	9415,	94,	' KABUPATEN ASMAT',	'2023-03-08 05:00:10',	'2023-03-08 05:00:10'),
(498,	9416,	94,	' KABUPATEN YAHUKIMO',	'2023-03-08 05:00:10',	'2023-03-08 05:00:10'),
(499,	9417,	94,	' KABUPATEN PEGUNUNGAN BINTANG',	'2023-03-08 05:00:10',	'2023-03-08 05:00:10'),
(500,	9418,	94,	' KABUPATEN TOLIKARA',	'2023-03-08 05:00:10',	'2023-03-08 05:00:10'),
(501,	9419,	94,	' KABUPATEN SARMI',	'2023-03-08 05:00:10',	'2023-03-08 05:00:10'),
(502,	9420,	94,	' KABUPATEN KEEROM',	'2023-03-08 05:00:10',	'2023-03-08 05:00:10'),
(503,	9426,	94,	' KABUPATEN WAROPEN',	'2023-03-08 05:00:10',	'2023-03-08 05:00:10'),
(504,	9427,	94,	' KABUPATEN SUPIORI',	'2023-03-08 05:00:10',	'2023-03-08 05:00:10'),
(505,	9428,	94,	' KABUPATEN MAMBERAMO RAYA',	'2023-03-08 05:00:10',	'2023-03-08 05:00:10'),
(506,	9429,	94,	' KABUPATEN NDUGA',	'2023-03-08 05:00:10',	'2023-03-08 05:00:10'),
(507,	9430,	94,	' KABUPATEN LANNY JAYA',	'2023-03-08 05:00:10',	'2023-03-08 05:00:10'),
(508,	9431,	94,	' KABUPATEN MAMBERAMO TENGAH',	'2023-03-08 05:00:10',	'2023-03-08 05:00:10'),
(509,	9432,	94,	' KABUPATEN YALIMO',	'2023-03-08 05:00:10',	'2023-03-08 05:00:10'),
(510,	9433,	94,	' KABUPATEN PUNCAK',	'2023-03-08 05:00:10',	'2023-03-08 05:00:10'),
(511,	9434,	94,	' KABUPATEN DOGIYAI',	'2023-03-08 05:00:10',	'2023-03-08 05:00:10'),
(512,	9435,	94,	' KABUPATEN INTAN JAYA',	'2023-03-08 05:00:10',	'2023-03-08 05:00:10'),
(513,	9436,	94,	' KABUPATEN DEIYAI',	'2023-03-08 05:00:10',	'2023-03-08 05:00:10'),
(514,	9471,	94,	' KOTA JAYAPURA',	'2023-03-08 05:00:10',	'2023-03-08 05:00:10');

DROP TABLE IF EXISTS "roles";
DROP SEQUENCE IF EXISTS roles_id_seq;
CREATE SEQUENCE roles_id_seq INCREMENT 1 MINVALUE 1 MAXVALUE 9223372036854775807 CACHE 1;

CREATE TABLE "public"."roles" (
    "id" bigint DEFAULT nextval('roles_id_seq') NOT NULL,
    "name" character varying(255) NOT NULL,
    "created_at" timestamp(0),
    "updated_at" timestamp(0),
    CONSTRAINT "roles_pkey" PRIMARY KEY ("id")
) WITH (oids = false);


DROP TABLE IF EXISTS "subjects";
DROP SEQUENCE IF EXISTS subjects_id_seq;
CREATE SEQUENCE subjects_id_seq INCREMENT 1 MINVALUE 1 MAXVALUE 9223372036854775807 CACHE 1;

CREATE TABLE "public"."subjects" (
    "id" bigint DEFAULT nextval('subjects_id_seq') NOT NULL,
    "name" character varying(255) NOT NULL,
    "created_at" timestamp(0),
    "updated_at" timestamp(0),
    CONSTRAINT "subjects_pkey" PRIMARY KEY ("id")
) WITH (oids = false);

INSERT INTO "subjects" ("id", "name", "created_at", "updated_at") VALUES
(1,	'molestiae',	'2023-03-08 04:59:35',	'2023-03-08 04:59:35'),
(2,	'vel',	'2023-03-08 04:59:35',	'2023-03-08 04:59:35'),
(3,	'et',	'2023-03-08 04:59:35',	'2023-03-08 04:59:35'),
(4,	'et',	'2023-03-08 04:59:35',	'2023-03-08 04:59:35'),
(5,	'atque',	'2023-03-08 04:59:35',	'2023-03-08 04:59:35'),
(6,	'reiciendis',	'2023-03-08 04:59:35',	'2023-03-08 04:59:35'),
(7,	'cum',	'2023-03-08 04:59:35',	'2023-03-08 04:59:35'),
(8,	'voluptas',	'2023-03-08 04:59:35',	'2023-03-08 04:59:35'),
(9,	'sapiente',	'2023-03-08 04:59:35',	'2023-03-08 04:59:35'),
(10,	'laudantium',	'2023-03-08 04:59:35',	'2023-03-08 04:59:35');

DROP TABLE IF EXISTS "users";
DROP SEQUENCE IF EXISTS users_id_seq;
CREATE SEQUENCE users_id_seq INCREMENT 1 MINVALUE 1 MAXVALUE 9223372036854775807 CACHE 1;

CREATE TABLE "public"."users" (
    "id" bigint DEFAULT nextval('users_id_seq') NOT NULL,
    "name" character varying(255) NOT NULL,
    "email" character varying(255) NOT NULL,
    "password" character varying(255) NOT NULL,
    "publisher_id" bigint,
    "role_id" bigint DEFAULT '3',
    "is_active" boolean DEFAULT false,
    "email_verified_at" timestamp(0),
    "remember_token" character varying(100),
    "created_at" timestamp(0),
    "updated_at" timestamp(0),
    CONSTRAINT "users_email_unique" UNIQUE ("email"),
    CONSTRAINT "users_pkey" PRIMARY KEY ("id")
) WITH (oids = false);

INSERT INTO "users" ("id", "name", "email", "password", "publisher_id", "role_id", "is_active", "email_verified_at", "remember_token", "created_at", "updated_at") VALUES
(3,	'Judge Koch',	'stevie96@example.net',	'$2y$10$92IXUNpkjO0rOQ5byMi.Ye4oKoEa3Ro9llC/.og/at2.uheWG/igi',	38,	2,	'f',	'2023-03-08 04:59:32',	'DntLfak8SY',	'2023-03-08 04:59:32',	'2023-03-08 04:59:32'),
(4,	'Porter Sauer DVM',	'xdickens@example.org',	'$2y$10$92IXUNpkjO0rOQ5byMi.Ye4oKoEa3Ro9llC/.og/at2.uheWG/igi',	36,	2,	'f',	'2023-03-08 04:59:32',	'dvVa8BYrCA',	'2023-03-08 04:59:32',	'2023-03-08 04:59:32'),
(5,	'Kirsten Casper',	'rhills@example.com',	'$2y$10$92IXUNpkjO0rOQ5byMi.Ye4oKoEa3Ro9llC/.og/at2.uheWG/igi',	14,	2,	'f',	'2023-03-08 04:59:32',	'cmB7TCidEG',	'2023-03-08 04:59:32',	'2023-03-08 04:59:32'),
(6,	'Estell Frami',	'dina.eichmann@example.net',	'$2y$10$92IXUNpkjO0rOQ5byMi.Ye4oKoEa3Ro9llC/.og/at2.uheWG/igi',	13,	2,	'f',	'2023-03-08 04:59:32',	'N4DFg3FfiE',	'2023-03-08 04:59:32',	'2023-03-08 04:59:32'),
(7,	'Orpha Klein',	'dgutmann@example.com',	'$2y$10$92IXUNpkjO0rOQ5byMi.Ye4oKoEa3Ro9llC/.og/at2.uheWG/igi',	45,	2,	'f',	'2023-03-08 04:59:32',	'tBFaXo2NpM',	'2023-03-08 04:59:32',	'2023-03-08 04:59:32'),
(8,	'Isaias Barton',	'howe.leonor@example.net',	'$2y$10$92IXUNpkjO0rOQ5byMi.Ye4oKoEa3Ro9llC/.og/at2.uheWG/igi',	26,	2,	'f',	'2023-03-08 04:59:32',	'yscBtixIZA',	'2023-03-08 04:59:32',	'2023-03-08 04:59:32'),
(9,	'Dr. Linda Lehner Jr.',	'daphne52@example.org',	'$2y$10$92IXUNpkjO0rOQ5byMi.Ye4oKoEa3Ro9llC/.og/at2.uheWG/igi',	49,	2,	'f',	'2023-03-08 04:59:32',	'iVFTqbXYYj',	'2023-03-08 04:59:32',	'2023-03-08 04:59:32'),
(10,	'Ardith Goodwin',	'hroberts@example.org',	'$2y$10$92IXUNpkjO0rOQ5byMi.Ye4oKoEa3Ro9llC/.og/at2.uheWG/igi',	6,	2,	'f',	'2023-03-08 04:59:32',	'xMggUU1Dx7',	'2023-03-08 04:59:32',	'2023-03-08 04:59:32'),
(11,	'Jesse Rowe',	'nolan.pacocha@example.org',	'$2y$10$92IXUNpkjO0rOQ5byMi.Ye4oKoEa3Ro9llC/.og/at2.uheWG/igi',	45,	2,	'f',	'2023-03-08 04:59:32',	'RLahea5oJK',	'2023-03-08 04:59:32',	'2023-03-08 04:59:32'),
(12,	'Mr. Jeramie Vandervort',	'vernie.maggio@example.com',	'$2y$10$92IXUNpkjO0rOQ5byMi.Ye4oKoEa3Ro9llC/.og/at2.uheWG/igi',	20,	2,	'f',	'2023-03-08 04:59:32',	'34gG1HPCO0',	'2023-03-08 04:59:32',	'2023-03-08 04:59:32'),
(13,	'Alexanne Price V',	'kadin.blick@example.net',	'$2y$10$92IXUNpkjO0rOQ5byMi.Ye4oKoEa3Ro9llC/.og/at2.uheWG/igi',	32,	2,	'f',	'2023-03-08 04:59:32',	'1tvjiHad6H',	'2023-03-08 04:59:32',	'2023-03-08 04:59:32'),
(14,	'Effie Berge',	'johanna88@example.org',	'$2y$10$92IXUNpkjO0rOQ5byMi.Ye4oKoEa3Ro9llC/.og/at2.uheWG/igi',	15,	2,	'f',	'2023-03-08 04:59:32',	'Y8ajd1kf6x',	'2023-03-08 04:59:32',	'2023-03-08 04:59:32'),
(16,	'Oceane Bauch',	'selena92@example.org',	'$2y$10$92IXUNpkjO0rOQ5byMi.Ye4oKoEa3Ro9llC/.og/at2.uheWG/igi',	31,	2,	'f',	'2023-03-08 04:59:32',	'gpVqvhFRmy',	'2023-03-08 04:59:32',	'2023-03-08 04:59:32'),
(17,	'Ulises Kautzer',	'titus99@example.org',	'$2y$10$92IXUNpkjO0rOQ5byMi.Ye4oKoEa3Ro9llC/.og/at2.uheWG/igi',	18,	2,	'f',	'2023-03-08 04:59:32',	'B7CGAnVLVv',	'2023-03-08 04:59:32',	'2023-03-08 04:59:32'),
(18,	'Efren Bogisich Jr.',	'carey52@example.com',	'$2y$10$92IXUNpkjO0rOQ5byMi.Ye4oKoEa3Ro9llC/.og/at2.uheWG/igi',	45,	2,	'f',	'2023-03-08 04:59:32',	'AaMfGN5O2N',	'2023-03-08 04:59:32',	'2023-03-08 04:59:32'),
(19,	'Ms. Annabelle Keebler',	'oadams@example.com',	'$2y$10$92IXUNpkjO0rOQ5byMi.Ye4oKoEa3Ro9llC/.og/at2.uheWG/igi',	33,	2,	'f',	'2023-03-08 04:59:32',	'AxE7Ms1LYH',	'2023-03-08 04:59:32',	'2023-03-08 04:59:32'),
(20,	'Dr. Mckenzie Corwin',	'jacklyn.denesik@example.com',	'$2y$10$92IXUNpkjO0rOQ5byMi.Ye4oKoEa3Ro9llC/.og/at2.uheWG/igi',	46,	2,	'f',	'2023-03-08 04:59:32',	'4xju1W3j1d',	'2023-03-08 04:59:33',	'2023-03-08 04:59:33'),
(1,	'Admin',	'admin@gmail.com',	'$2a$12$ZaNUUBuyJektBFVs3YtTQeTF1YMGoSSjSjNmcIxsZBM/UzBvrusye',	1,	1,	't',	'2023-03-08 04:59:32',	'2gevFw6YJf',	'2023-03-08 04:59:32',	'2023-03-08 04:59:32'),
(2,	'-',	'-',	'$2y$10$92IXUNpkjO0rOQ5byMi.Ye4oKoEa3Ro9llC/.og/at2.uheWG/igi',	1,	3,	'f',	'2023-03-08 04:59:32',	'zuSWrIknQt',	'2023-03-08 04:59:32',	'2023-03-08 04:59:32'),
(15,	'Dr. Mckenna Leannon V',	'evert.jakubowski@example.com',	'$2y$10$92IXUNpkjO0rOQ5byMi.Ye4oKoEa3Ro9llC/.og/at2.uheWG/igi',	1,	2,	'f',	'2023-03-08 04:59:32',	'BaCoFmkZ1k',	'2023-03-08 04:59:32',	'2023-03-08 06:02:15');

ALTER TABLE ONLY "public"."journal_subject" ADD CONSTRAINT "journal_subject_journal_id_foreign" FOREIGN KEY (journal_id) REFERENCES journals(id) ON DELETE CASCADE NOT DEFERRABLE;
ALTER TABLE ONLY "public"."journal_subject" ADD CONSTRAINT "journal_subject_subject_id_foreign" FOREIGN KEY (subject_id) REFERENCES subjects(id) ON DELETE CASCADE NOT DEFERRABLE;

-- 2023-03-08 15:39:28.346772+07
