-- Adminer 4.8.1 PostgreSQL 14.6 (Ubuntu 14.6-0ubuntu0.22.04.1) dump

DROP TABLE IF EXISTS "articles";
DROP SEQUENCE IF EXISTS articles_id_seq;
CREATE SEQUENCE articles_id_seq INCREMENT 1 MINVALUE 1 MAXVALUE 9223372036854775807 CACHE 1;

CREATE TABLE "public"."articles" (
    "id" bigint DEFAULT nextval('articles_id_seq') NOT NULL,
    "title" character varying(255) NOT NULL,
    "user_id" bigint NOT NULL,
    "publisher_id" bigint NOT NULL,
    "journal_id" bigint NOT NULL,
    "abstract" text NOT NULL,
    "created_at" timestamp(0),
    "updated_at" timestamp(0),
    CONSTRAINT "articles_pkey" PRIMARY KEY ("id")
) WITH (oids = false);

INSERT INTO "articles" ("id", "title", "user_id", "publisher_id", "journal_id", "abstract", "created_at", "updated_at") VALUES
(1,	'Quis at velit.',	2,	31,	49,	'Doloribus ipsa explicabo dolorem a. Consequatur officiis sit itaque maiores rerum corrupti. Ipsum nulla sapiente sed qui rem voluptatem laboriosam. Qui laborum veritatis aut beatae.',	'2023-03-07 10:12:52',	'2023-03-07 10:12:52'),
(2,	'Provident corrupti rerum dolor voluptas in.',	11,	26,	37,	'Enim possimus impedit autem deleniti eius. Quia ipsum qui voluptatum sed et impedit autem sint. Quas et animi enim magnam corrupti perferendis.',	'2023-03-07 10:12:52',	'2023-03-07 10:12:52'),
(3,	'Ea ducimus libero.',	15,	10,	10,	'Optio aut quod molestias. Ut adipisci maxime ullam quia. Corporis nesciunt esse cumque labore sint sint. Sapiente minus sed quas ut saepe et.',	'2023-03-07 10:12:52',	'2023-03-07 10:12:52'),
(4,	'Minus ut reprehenderit.',	1,	37,	47,	'Omnis delectus ut non maxime sed exercitationem et. Sint repellendus adipisci unde distinctio. Consequuntur occaecati voluptatem nostrum corrupti.',	'2023-03-07 10:12:52',	'2023-03-07 10:12:52'),
(5,	'Aliquid eos officia.',	2,	21,	29,	'Sint sint distinctio id error. Aperiam quibusdam dolores iusto similique aut voluptatem expedita. A sed ad facere et qui voluptatum.',	'2023-03-07 10:12:52',	'2023-03-07 10:12:52'),
(6,	'Voluptas saepe et.',	14,	48,	24,	'Ducimus maiores dolorem consequatur omnis veniam distinctio. Vel molestiae qui reprehenderit in. Repudiandae enim dolores et vel. Et ullam quo et odit error.',	'2023-03-07 10:12:52',	'2023-03-07 10:12:52'),
(7,	'Molestiae saepe.',	17,	28,	26,	'Minima vitae quia assumenda veritatis. Amet necessitatibus blanditiis quo quisquam. Voluptatem ex aut eligendi.',	'2023-03-07 10:12:52',	'2023-03-07 10:12:52'),
(8,	'Ab cumque magnam quae repellat ullam et.',	4,	11,	39,	'Ut repellendus fugiat quo voluptatem quas saepe occaecati. Maxime similique ut et itaque. Accusantium ut iusto esse odit.',	'2023-03-07 10:12:52',	'2023-03-07 10:12:52'),
(9,	'Ipsam voluptatem voluptas doloribus unde quis.',	1,	35,	4,	'Quae consequatur qui eum maxime et. Quo dicta sunt aliquam velit dolor delectus. Modi temporibus voluptas animi facere. Est debitis eligendi et voluptatem rerum architecto.',	'2023-03-07 10:12:52',	'2023-03-07 10:12:52'),
(10,	'Autem ut qui veritatis ipsum.',	1,	27,	48,	'Et fuga perspiciatis aliquid. Placeat est sunt repudiandae saepe aliquid est voluptas et. Sed blanditiis eaque culpa. Ut temporibus quia et ullam fuga et nostrum.',	'2023-03-07 10:12:52',	'2023-03-07 10:12:52'),
(11,	'Provident optio.',	19,	24,	21,	'Magni distinctio et laboriosam soluta nihil veniam rem. Laborum at aut laudantium nobis perferendis. Perspiciatis et qui dolorem saepe et eius.',	'2023-03-07 10:12:52',	'2023-03-07 10:12:52'),
(12,	'Quaerat omnis vel autem similique in autem.',	18,	12,	23,	'Aut eaque quod a voluptatem aliquid. Ducimus consequatur sed omnis ullam quos. Molestiae alias nam porro blanditiis. Neque adipisci blanditiis voluptatum et.',	'2023-03-07 10:12:52',	'2023-03-07 10:12:52'),
(13,	'Et officiis ducimus.',	1,	25,	38,	'Repudiandae iste molestiae voluptatem animi laborum error. Ut est eos aut libero aspernatur nesciunt. Atque quibusdam eum laboriosam repudiandae.',	'2023-03-07 10:12:52',	'2023-03-07 10:12:52'),
(14,	'Omnis tempora laborum corporis fuga.',	12,	2,	35,	'Cum et et vitae distinctio. Voluptatem aut dolor non asperiores voluptate quae. Architecto beatae ut architecto quis suscipit aspernatur dicta. Et perferendis inventore vel et.',	'2023-03-07 10:12:52',	'2023-03-07 10:12:52'),
(15,	'Id non quibusdam.',	18,	4,	10,	'Qui dolorum labore similique libero sed laudantium fugit. Placeat et fugiat ut quia. Libero occaecati et esse voluptas non repudiandae.',	'2023-03-07 10:12:52',	'2023-03-07 10:12:52'),
(16,	'Repellendus incidunt.',	19,	15,	20,	'Nam fugiat sint error quia cupiditate. Corrupti quibusdam doloribus minus ullam et rerum eum. Nulla ea qui nobis et sed et iure. Laudantium debitis ut sint rem est suscipit natus.',	'2023-03-07 10:12:53',	'2023-03-07 10:12:53'),
(17,	'Odio voluptatem quo quae quia.',	20,	2,	8,	'Vel tenetur labore et esse architecto est. Aspernatur iusto doloremque sunt iste. Quae architecto sequi beatae consequuntur nobis.',	'2023-03-07 10:12:53',	'2023-03-07 10:12:53'),
(18,	'Eos et tempora odit ut.',	16,	42,	15,	'Sint omnis voluptas eos harum beatae. Vitae suscipit placeat officia aut blanditiis aut eum. Nemo recusandae laboriosam similique consectetur vel quo. Rem molestiae aspernatur aspernatur nam.',	'2023-03-07 10:12:53',	'2023-03-07 10:12:53'),
(19,	'Et praesentium aliquid.',	13,	47,	14,	'Quibusdam quam nobis illo facilis ratione in ipsa quia. Nobis possimus corporis quia molestias veniam.',	'2023-03-07 10:12:53',	'2023-03-07 10:12:53'),
(20,	'Quibusdam voluptatem amet quia.',	15,	44,	15,	'Nihil delectus odit eum quia nam qui omnis. Autem praesentium reprehenderit qui enim.',	'2023-03-07 10:12:53',	'2023-03-07 10:12:53'),
(21,	'Ea qui nulla reiciendis nam omnis.',	7,	35,	17,	'Corrupti similique id aspernatur earum maiores. Unde ea qui ipsa sapiente. Similique in impedit dolores et rerum quos qui.',	'2023-03-07 10:12:53',	'2023-03-07 10:12:53'),
(22,	'Perspiciatis necessitatibus repellendus quia.',	9,	22,	24,	'Ad corporis libero molestias similique sint. Sunt nam labore ut ad dolore nihil. Quaerat vel omnis voluptate occaecati odit expedita.',	'2023-03-07 10:12:53',	'2023-03-07 10:12:53'),
(23,	'Perferendis ipsa ipsum.',	6,	49,	37,	'Quia aperiam unde minus id enim maxime eius. Est eum quo nam eligendi necessitatibus. Sunt repellat ea minima non voluptas nisi. Velit doloribus corporis iure placeat ut enim rerum numquam.',	'2023-03-07 10:12:53',	'2023-03-07 10:12:53'),
(24,	'Asperiores ut ut.',	8,	20,	35,	'Magni rerum expedita porro ex quam sequi. Veritatis magnam distinctio quasi quibusdam culpa sint nisi. Voluptatum ut molestias nostrum non.',	'2023-03-07 10:12:53',	'2023-03-07 10:12:53'),
(25,	'Nemo molestiae quia nisi.',	7,	10,	20,	'Ut ex consectetur et est. Qui ipsum quibusdam facere quia. Et culpa ut id saepe. Ut nemo architecto ut corporis quam fugiat.',	'2023-03-07 10:12:53',	'2023-03-07 10:12:53'),
(26,	'Unde error nisi fugiat sint.',	14,	10,	14,	'Magni ex qui est molestiae quia asperiores. Magnam veritatis eius praesentium. Repellendus eos quis qui tenetur.',	'2023-03-07 10:12:53',	'2023-03-07 10:12:53'),
(27,	'Rem nostrum natus ut.',	1,	6,	36,	'Sed eius est necessitatibus. Qui ea est fugiat nemo enim. Aut odit et corrupti dolores. Laboriosam explicabo fugit maxime cum blanditiis odio vitae rerum.',	'2023-03-07 10:12:53',	'2023-03-07 10:12:53'),
(28,	'Sit expedita molestiae qui qui.',	11,	41,	48,	'Non quidem ut exercitationem odio dolor. Veritatis et possimus deserunt et recusandae in eveniet.',	'2023-03-07 10:12:53',	'2023-03-07 10:12:53'),
(29,	'Aut dicta est placeat corrupti consectetur.',	3,	45,	25,	'Nemo neque et consequuntur vel. Aut et tempore non voluptatem in. Ea natus ex et quasi quia. Sed in pariatur odit aut necessitatibus soluta. Et ducimus deserunt omnis qui quam.',	'2023-03-07 10:12:53',	'2023-03-07 10:12:53'),
(30,	'Soluta culpa quia suscipit voluptas deleniti architecto.',	3,	13,	1,	'Totam tenetur et consequatur in. Molestiae et officiis debitis cumque aut soluta est. Occaecati et corrupti debitis omnis nemo. Provident quod voluptas numquam in ut sed modi ipsa.',	'2023-03-07 10:12:53',	'2023-03-07 10:12:53'),
(31,	'Amet quasi tempora et.',	17,	37,	31,	'Tempora quo sed iste eos exercitationem. Ut autem quaerat nemo nam. Voluptatem veniam ut aut. Repellendus velit cupiditate ea ut quod quasi.',	'2023-03-07 10:12:53',	'2023-03-07 10:12:53'),
(32,	'Voluptatem quae enim est.',	18,	41,	2,	'Aut necessitatibus qui rerum et qui. Atque mollitia aut incidunt. Asperiores dicta ut error ipsam. Temporibus doloremque est occaecati rem provident maxime iure.',	'2023-03-07 10:12:53',	'2023-03-07 10:12:53'),
(33,	'Voluptates quia distinctio labore.',	7,	31,	14,	'Eum enim magnam aut tempore nemo consectetur temporibus. Dolorem rem molestias ut esse autem id. Sed sed et et vel.',	'2023-03-07 10:12:53',	'2023-03-07 10:12:53'),
(34,	'Molestiae et qui quis modi.',	8,	36,	3,	'Dolorem voluptas error error molestiae. Ducimus voluptatem amet in eligendi. A deserunt tenetur doloribus. Sed consequatur dolor velit neque sequi eaque illo in.',	'2023-03-07 10:12:53',	'2023-03-07 10:12:53'),
(35,	'Ut quia nobis perspiciatis tenetur.',	7,	29,	32,	'Mollitia reiciendis sed eius qui. Magni occaecati qui non nam pariatur. Eos provident consequatur itaque ipsam provident impedit voluptatum.',	'2023-03-07 10:12:53',	'2023-03-07 10:12:53'),
(36,	'Magnam qui fuga earum rerum quas.',	19,	39,	36,	'Ut deleniti necessitatibus labore qui. Dolorem harum assumenda laboriosam qui. Quaerat et non omnis enim officiis consequuntur ut consequuntur. Est sunt explicabo consequatur minima et.',	'2023-03-07 10:12:53',	'2023-03-07 10:12:53'),
(37,	'Unde quia perferendis.',	17,	23,	19,	'Ullam ad qui ducimus totam dolores sed aut qui. Ab soluta illum aut placeat debitis. Placeat enim autem id atque molestias autem.',	'2023-03-07 10:12:53',	'2023-03-07 10:12:53'),
(38,	'Laudantium id laudantium quam vel cum.',	7,	50,	9,	'Quia deserunt eaque optio possimus reprehenderit aperiam. Rerum fuga iste voluptatem ipsum. Omnis quibusdam voluptatum quia nemo saepe neque.',	'2023-03-07 10:12:53',	'2023-03-07 10:12:53'),
(39,	'Exercitationem numquam et architecto.',	1,	17,	20,	'Perspiciatis consequuntur ut vel quis rem itaque. Omnis earum facilis vel quis. Illum et quisquam perspiciatis quidem numquam aliquam. Ex autem laboriosam ut blanditiis eos velit.',	'2023-03-07 10:12:53',	'2023-03-07 10:12:53'),
(40,	'Qui mollitia facere perferendis et eos.',	4,	47,	27,	'Quod et adipisci dolore nihil tempore. Cum architecto quia quia cum. Eius ex similique sed maxime fugiat at. Veritatis cupiditate officiis quibusdam corporis voluptatem omnis amet.',	'2023-03-07 10:12:53',	'2023-03-07 10:12:53'),
(41,	'Facere repudiandae ad quis aliquam et.',	2,	5,	5,	'Sed veniam reprehenderit quia et corrupti. Natus asperiores consectetur temporibus rerum. Nam est minus consequatur placeat dolorem et ea rem.',	'2023-03-07 10:12:53',	'2023-03-07 10:12:53'),
(42,	'Facilis ex reprehenderit dolores soluta.',	9,	44,	43,	'Sint laboriosam sint aut quis velit nam soluta. Iure corporis adipisci fugiat delectus cumque quas illum. Sapiente aut atque ipsa iste. Accusamus reiciendis distinctio repellat dolores nihil est.',	'2023-03-07 10:12:53',	'2023-03-07 10:12:53'),
(43,	'Et saepe voluptatem.',	16,	26,	46,	'Quae voluptates eos corrupti praesentium quam vero laboriosam. Sunt praesentium qui eveniet consequuntur dignissimos labore.',	'2023-03-07 10:12:53',	'2023-03-07 10:12:53'),
(44,	'Molestias est sed labore.',	10,	3,	50,	'Quia eligendi quidem quia illo est maiores. Qui nam dolorum impedit amet qui eos. Optio ducimus eum consequuntur.',	'2023-03-07 10:12:53',	'2023-03-07 10:12:53'),
(45,	'Consectetur nihil expedita soluta asperiores dolor.',	7,	23,	44,	'Similique ullam dignissimos consequatur sit et dolores perferendis. Sapiente harum voluptatibus earum cum quo debitis. Inventore quo provident accusantium laborum facilis itaque rerum.',	'2023-03-07 10:12:53',	'2023-03-07 10:12:53'),
(46,	'Deleniti quas quos.',	7,	15,	13,	'Ut qui doloribus et sed magnam vero ipsa. Modi corporis rerum consectetur inventore debitis mollitia. Similique quidem officiis expedita ipsam enim.',	'2023-03-07 10:12:53',	'2023-03-07 10:12:53'),
(47,	'Pariatur quae reiciendis.',	9,	36,	1,	'Blanditiis sit dolorem qui sint dolorem. Necessitatibus placeat dolore qui magni quis ratione aperiam necessitatibus. Repellendus ut fugiat quibusdam.',	'2023-03-07 10:12:53',	'2023-03-07 10:12:53'),
(48,	'Dolor quis voluptatem unde.',	14,	34,	12,	'Dolorum sint delectus ut vitae cum. Dolorum dolor rem soluta pariatur. Reprehenderit numquam quaerat officia quo distinctio aut. Dolorem quis nihil ab et saepe velit facere.',	'2023-03-07 10:12:53',	'2023-03-07 10:12:53'),
(49,	'Eaque in illo veritatis.',	11,	45,	1,	'Eligendi quis blanditiis iure maxime. Sapiente minima nobis quia nostrum magnam atque. Enim quibusdam dolorem voluptas consequuntur.',	'2023-03-07 10:12:53',	'2023-03-07 10:12:53'),
(50,	'Dolorem eligendi vero molestiae ex eum explicabo.',	13,	16,	12,	'Quia atque dolorem et eius et similique. Sequi autem veniam nulla qui. Id non molestiae et modi laboriosam. Consequatur qui impedit velit rerum qui quam.',	'2023-03-07 10:12:53',	'2023-03-07 10:12:53');

DROP TABLE IF EXISTS "failed_jobs";
DROP SEQUENCE IF EXISTS failed_jobs_id_seq;
CREATE SEQUENCE failed_jobs_id_seq INCREMENT 1 MINVALUE 1 MAXVALUE 9223372036854775807 CACHE 1;

CREATE TABLE "public"."failed_jobs" (
    "id" bigint DEFAULT nextval('failed_jobs_id_seq') NOT NULL,
    "uuid" character varying(255) NOT NULL,
    "connection" text NOT NULL,
    "queue" text NOT NULL,
    "payload" text NOT NULL,
    "exception" text NOT NULL,
    "failed_at" timestamp(0) DEFAULT CURRENT_TIMESTAMP NOT NULL,
    CONSTRAINT "failed_jobs_pkey" PRIMARY KEY ("id"),
    CONSTRAINT "failed_jobs_uuid_unique" UNIQUE ("uuid")
) WITH (oids = false);


DROP TABLE IF EXISTS "fakulties";
DROP SEQUENCE IF EXISTS fakulties_id_seq;
CREATE SEQUENCE fakulties_id_seq INCREMENT 1 MINVALUE 1 MAXVALUE 9223372036854775807 CACHE 1;

CREATE TABLE "public"."fakulties" (
    "id" bigint DEFAULT nextval('fakulties_id_seq') NOT NULL,
    "name" character varying(255) NOT NULL,
    "publisher_id" bigint NOT NULL,
    "created_at" timestamp(0),
    "updated_at" timestamp(0),
    CONSTRAINT "fakulties_pkey" PRIMARY KEY ("id")
) WITH (oids = false);

INSERT INTO "fakulties" ("id", "name", "publisher_id", "created_at", "updated_at") VALUES
(1,	'non',	50,	'2023-03-07 10:12:53',	'2023-03-07 10:12:53'),
(2,	'et',	18,	'2023-03-07 10:12:53',	'2023-03-07 10:12:53'),
(3,	'totam',	47,	'2023-03-07 10:12:53',	'2023-03-07 10:12:53'),
(4,	'voluptas',	7,	'2023-03-07 10:12:53',	'2023-03-07 10:12:53'),
(5,	'officia',	41,	'2023-03-07 10:12:53',	'2023-03-07 10:12:53'),
(6,	'ut',	3,	'2023-03-07 10:12:53',	'2023-03-07 10:12:53'),
(7,	'reprehenderit',	18,	'2023-03-07 10:12:53',	'2023-03-07 10:12:53'),
(8,	'et',	45,	'2023-03-07 10:12:53',	'2023-03-07 10:12:53'),
(9,	'inventore',	47,	'2023-03-07 10:12:53',	'2023-03-07 10:12:53'),
(10,	'sit',	19,	'2023-03-07 10:12:53',	'2023-03-07 10:12:53');

DROP TABLE IF EXISTS "journal_subject";
CREATE TABLE "public"."journal_subject" (
    "subject_id" bigint NOT NULL,
    "journal_id" bigint NOT NULL,
    "created_at" timestamp(0),
    "updated_at" timestamp(0),
    CONSTRAINT "journal_subject_pkey" PRIMARY KEY ("subject_id", "journal_id")
) WITH (oids = false);


DROP TABLE IF EXISTS "journals";
DROP SEQUENCE IF EXISTS journals_id_seq;
CREATE SEQUENCE journals_id_seq INCREMENT 1 MINVALUE 1 MAXVALUE 9223372036854775807 CACHE 1;

CREATE TABLE "public"."journals" (
    "id" bigint DEFAULT nextval('journals_id_seq') NOT NULL,
    "title" character varying(255) NOT NULL,
    "img" character varying(255) NOT NULL,
    "abstract" character varying(255) NOT NULL,
    "description" character varying(255) NOT NULL,
    "website" character varying(255) NOT NULL,
    "publisher_id" bigint NOT NULL,
    "issn" character varying(255) NOT NULL,
    "eissn" character varying(255),
    "created_at" timestamp(0),
    "updated_at" timestamp(0),
    CONSTRAINT "journals_eissn_unique" UNIQUE ("eissn"),
    CONSTRAINT "journals_issn_unique" UNIQUE ("issn"),
    CONSTRAINT "journals_pkey" PRIMARY KEY ("id")
) WITH (oids = false);

INSERT INTO "journals" ("id", "title", "img", "abstract", "description", "website", "publisher_id", "issn", "eissn", "created_at", "updated_at") VALUES
(1,	'Numquam quidem incidunt quaerat.',	'journal.jpg',	'Consequatur et aspernatur amet magnam. Fugiat eos vero molestiae dolores quisquam officia. Velit impedit ut voluptas. Minus facilis maxime velit. Ut quisquam itaque dolor consectetur minima aut. Iure aliquam et et itaque.',	'Aliquam recusandae aperiam illum nobis quas consequuntur. Provident distinctio deleniti sed unde tempore. Voluptas magnam tenetur corporis porro facilis accusamus.',	'www.unmuh.com',	28,	'92000',	'1112R',	'2023-03-07 10:12:53',	'2023-03-07 10:12:53'),
(2,	'Veniam molestiae aut.',	'journal.jpg',	'Quo sunt qui veniam voluptatibus ut hic. Id sint dolore est et quaerat iure quo. Maxime a natus eum non fugit. Magnam dolores repellat sed ut nobis. Enim laudantium doloribus dolorum sapiente consequatur. Fugit aliquam eveniet velit tenetur enim.',	'Doloremque dolorem ab molestias quam ullam quae. Aliquam possimus qui et vitae veritatis. Quis est facere magni qui provident omnis cum. Velit aut aut laudantium.',	'www.unmuh.com',	47,	'52143',	'5424X',	'2023-03-07 10:12:53',	'2023-03-07 10:12:53'),
(3,	'Minus omnis ipsum nam.',	'journal.jpg',	'Consequatur harum quam sed quia omnis incidunt. Ut cupiditate corporis quis reiciendis et numquam odit.',	'Voluptatum tempore saepe autem aliquid. Magnam libero repellendus accusantium quo earum aliquid. Inventore libero ad sed sint sed voluptatem similique consectetur. Earum earum vel ut minima porro quo similique velit.',	'www.unmuh.com',	7,	'68268',	'3521B',	'2023-03-07 10:12:53',	'2023-03-07 10:12:53'),
(4,	'Minus eum.',	'journal.jpg',	'Perspiciatis velit quis quis minus perferendis nostrum qui. Nesciunt quasi cum nisi et dolorem. Sed eos vitae occaecati omnis autem porro quia optio.',	'Est accusamus quis cupiditate. Debitis minus et autem vel ratione. Ut dicta sed aut et cupiditate enim. Vero tempore ea explicabo molestias pariatur.',	'www.unmuh.com',	33,	'61190',	'4255Q',	'2023-03-07 10:12:53',	'2023-03-07 10:12:53'),
(5,	'Ea deleniti maiores quaerat.',	'journal.jpg',	'Aut repellat quod aspernatur dolorum aperiam totam quam. Sequi ab perspiciatis non id. Ex earum tenetur est quam non id dolores non. Omnis incidunt qui aut facilis deleniti alias aut. Enim quia unde culpa nesciunt excepturi neque.',	'Nulla ex est sit eaque. Recusandae cum vitae sequi ad minima aliquid.',	'www.unmuh.com',	12,	'30909',	'2243S',	'2023-03-07 10:12:53',	'2023-03-07 10:12:53'),
(6,	'Aperiam deserunt ut cupiditate.',	'journal.jpg',	'Unde distinctio aspernatur explicabo facere doloribus nesciunt a. Aspernatur laboriosam incidunt officiis. Reiciendis dignissimos in est non.',	'Ipsam laboriosam sit laudantium cum unde qui hic. Voluptas praesentium dolor aperiam voluptas quos aliquid dignissimos et. Quo odio ullam perferendis quia eaque ut reprehenderit quibusdam.',	'www.unmuh.com',	3,	'47246',	'4145J',	'2023-03-07 10:12:53',	'2023-03-07 10:12:53'),
(7,	'Itaque voluptas vero.',	'journal.jpg',	'Suscipit autem voluptatem repellendus. Impedit sapiente dolorem tempora molestiae occaecati dolorem qui et. Eos in provident dolores aliquam et.',	'Culpa consectetur ratione qui officiis non. Ipsum id dolorum doloremque aut perferendis rem quia. Optio labore sunt provident et.',	'www.unmuh.com',	19,	'73337',	'2215B',	'2023-03-07 10:12:53',	'2023-03-07 10:12:53'),
(8,	'Nobis blanditiis harum nihil ut.',	'journal.jpg',	'Ipsum quibusdam laboriosam voluptas blanditiis. Maxime quia ratione incidunt et. Praesentium sint magnam rerum architecto velit at debitis. Qui dicta eius odit ab ut officiis. Aut sit accusamus quos explicabo.',	'Explicabo error in officia aut expedita accusamus minus quidem. Quasi voluptas repudiandae blanditiis est nesciunt sit tenetur. Nihil commodi amet at iste.',	'www.unmuh.com',	7,	'73899',	'1344F',	'2023-03-07 10:12:53',	'2023-03-07 10:12:53'),
(9,	'Iure dolorem ut.',	'journal.jpg',	'Sunt modi officia molestiae quod. Et voluptatem velit quis rem maiores harum consectetur. Distinctio sit fugiat illum autem aut et.',	'Nam et vel temporibus alias. Accusamus fuga corporis praesentium. Corporis eum quam minus deserunt dolores facere illo. Consectetur dolorum architecto ea sit aperiam autem quisquam.',	'www.unmuh.com',	33,	'47969',	'1142G',	'2023-03-07 10:12:53',	'2023-03-07 10:12:53'),
(10,	'Consectetur aliquam error ad ipsa.',	'journal.jpg',	'Quasi mollitia omnis minima et eum saepe. Quod veniam ut corrupti accusantium. Id corrupti quia dolor quia architecto dolor est. Placeat rerum voluptate minima distinctio et earum.',	'Harum aut possimus ex molestiae aut dicta labore. Illum atque doloribus placeat. Debitis voluptate culpa sit sit dolor inventore cupiditate voluptatem. Impedit et natus velit sed sed quisquam ullam. Qui corporis molestiae atque sed provident qui et.',	'www.unmuh.com',	25,	'59677',	'1131F',	'2023-03-07 10:12:53',	'2023-03-07 10:12:53'),
(11,	'Dolore quibusdam sit alias.',	'journal.jpg',	'Ducimus sunt cumque ipsam assumenda explicabo autem eius enim. Accusamus ut soluta nihil et beatae officiis. Omnis sit eveniet eum commodi hic pariatur voluptatem. At omnis nemo nam ipsum voluptatem doloribus eaque ut.',	'Itaque possimus autem repellendus quasi consequatur. Fuga illo voluptatum dolore sit sed ipsum.',	'www.unmuh.com',	28,	'78339',	'4334J',	'2023-03-07 10:12:53',	'2023-03-07 10:12:53'),
(12,	'Modi fuga totam.',	'journal.jpg',	'Sint eaque facere nisi sit praesentium dolor. Est hic magni iste omnis. Tempore mollitia aut pariatur fuga. Necessitatibus voluptatum cum quia possimus. Animi enim maiores ullam ea et iste similique laudantium. Quo voluptatum minima sed id.',	'Consequatur cum inventore veritatis fuga. Libero animi sed ex qui. Amet omnis culpa inventore voluptatem modi adipisci sit.',	'www.unmuh.com',	17,	'91975',	'1453Q',	'2023-03-07 10:12:53',	'2023-03-07 10:12:53'),
(13,	'A illum dolor.',	'journal.jpg',	'Est odit architecto provident asperiores illo est. Dolor eum non temporibus. Occaecati qui adipisci quae minus aut aut. Mollitia cum et mollitia voluptatem velit.',	'Omnis rem ea harum et. Animi est tempora unde cupiditate odio maiores placeat. Omnis vero ut sit. Sed laboriosam quidem cumque quis ea voluptatibus ab.',	'www.unmuh.com',	30,	'17760',	'4121O',	'2023-03-07 10:12:53',	'2023-03-07 10:12:53'),
(14,	'Laboriosam unde quaerat dolorem.',	'journal.jpg',	'Reiciendis corrupti sed tempore placeat id. Eligendi beatae est quia et quos. Doloremque et nihil recusandae est natus facere qui. Fugit dolor cupiditate aliquid. Et eos assumenda recusandae et. Optio officiis eos placeat quia iste.',	'Dolor a exercitationem blanditiis dolores placeat quia sed. Veniam ea et qui sequi. Provident maiores suscipit ut odio. Explicabo eos necessitatibus odio officia voluptate.',	'www.unmuh.com',	15,	'66587',	'5515U',	'2023-03-07 10:12:53',	'2023-03-07 10:12:53'),
(15,	'Minus nobis non iste.',	'journal.jpg',	'Id repudiandae rem blanditiis totam. Quaerat eos quas sint dolorem. Asperiores dolore rerum odit perferendis. Ut sunt vero delectus dolorem qui.',	'Omnis eaque sunt adipisci ut sapiente quisquam. Fuga nobis excepturi fugiat voluptas optio distinctio optio. Nam ut fugiat harum iusto deserunt. Eum vel ad nobis ad soluta dignissimos qui.',	'www.unmuh.com',	3,	'34909',	'2313Z',	'2023-03-07 10:12:53',	'2023-03-07 10:12:53'),
(16,	'Aperiam dignissimos voluptatem.',	'journal.jpg',	'Perferendis qui beatae aut dolorem eligendi. Doloribus vero minima ullam beatae ad dolores non. Qui est et autem.',	'Eum veritatis sed sit esse ut voluptatem ut doloribus. Magnam quae ipsa ducimus quod quidem veritatis. Debitis qui inventore possimus adipisci ducimus nulla sint. Quisquam inventore modi sed quasi.',	'www.unmuh.com',	37,	'39231',	'4242C',	'2023-03-07 10:12:53',	'2023-03-07 10:12:53'),
(17,	'Vero quod sint eum.',	'journal.jpg',	'Assumenda nihil omnis non dolorem non. Aspernatur numquam quaerat libero veniam reiciendis unde. Eos aut qui neque enim voluptatibus illo earum. Molestias deleniti non vitae nobis.',	'Quis ut id ab inventore non ad eum. Id velit nemo dolorum commodi dolor. Nam nulla voluptas qui perferendis. Nemo dolores qui qui saepe dolor sunt voluptatem. Voluptates qui voluptatem hic ratione soluta. Sunt ut sunt sed.',	'www.unmuh.com',	43,	'44920',	'3355E',	'2023-03-07 10:12:53',	'2023-03-07 10:12:53'),
(18,	'Ut eaque vel.',	'journal.jpg',	'Eligendi qui hic quis nesciunt necessitatibus velit temporibus. Fugiat laboriosam accusantium aut nihil.',	'Necessitatibus earum voluptates similique ut consequatur. Qui qui aut enim vel. Nihil nemo sapiente ea minima. Aut eligendi velit dicta.',	'www.unmuh.com',	49,	'55769',	'3145V',	'2023-03-07 10:12:53',	'2023-03-07 10:12:53'),
(19,	'Est eos laborum deserunt.',	'journal.jpg',	'Ea ut repudiandae fugit architecto. Fugiat voluptas distinctio earum necessitatibus similique. Qui cum repellat eum.',	'Et enim sed magni qui non repudiandae. Pariatur sint ipsum et. Praesentium adipisci quidem in ipsum numquam dolor. Harum ea recusandae explicabo nesciunt facere perferendis. Rem et est at nisi fuga laudantium.',	'www.unmuh.com',	32,	'26033',	'5243B',	'2023-03-07 10:12:53',	'2023-03-07 10:12:53'),
(20,	'Neque nesciunt libero.',	'journal.jpg',	'Adipisci qui voluptate exercitationem amet. Fuga maiores laboriosam sed doloribus et sit. Fugit est autem rerum.',	'Quia est sed quo enim aperiam ut. Sed aut magnam rerum adipisci. Omnis quod aut facilis omnis a. Qui error omnis velit molestiae illum. Dolor fugit qui laudantium optio atque. Rerum magnam sint ducimus. Laborum et soluta dolorum voluptatem non.',	'www.unmuh.com',	27,	'56712',	'5431C',	'2023-03-07 10:12:53',	'2023-03-07 10:12:53'),
(21,	'Sequi ut delectus sequi.',	'journal.jpg',	'Et beatae iste consequuntur quia ut. Pariatur veritatis amet repudiandae maxime facilis. Perferendis eaque deleniti et occaecati soluta. Repellendus explicabo itaque et totam. Amet iusto iste doloribus explicabo beatae debitis.',	'Iusto mollitia quibusdam ipsum nesciunt voluptatem sint molestias doloribus. Quas natus non voluptas qui fuga inventore. Quisquam reprehenderit minus sit nesciunt. Ipsam voluptatem voluptas sed placeat quo voluptatum velit.',	'www.unmuh.com',	40,	'10385',	'5215U',	'2023-03-07 10:12:53',	'2023-03-07 10:12:53'),
(22,	'Ut voluptatem.',	'journal.jpg',	'Magni corporis sed ea consectetur nihil ab. Molestiae et illum mollitia aut. Natus aut et laboriosam quis perspiciatis molestiae fugiat.',	'A mollitia assumenda aut omnis. Voluptatem accusantium est reprehenderit inventore nemo. Sint rem est in suscipit ipsam unde sit autem. Veritatis labore est molestiae minus a.',	'www.unmuh.com',	37,	'46881',	'4542W',	'2023-03-07 10:12:53',	'2023-03-07 10:12:53'),
(23,	'Laborum et iste pariatur doloremque.',	'journal.jpg',	'Asperiores reiciendis est aspernatur aliquam qui. Doloribus consectetur sequi quis iste. Sit omnis architecto voluptas sunt quia. Tenetur qui possimus omnis enim aut iure dolores libero. Maxime rerum facere iste non qui architecto et dolorem.',	'Nulla harum mollitia eum tempora. Aut qui sint quisquam recusandae dolorem omnis. Voluptates omnis iusto ut architecto. Nesciunt et sunt autem.',	'www.unmuh.com',	6,	'10451',	'1513C',	'2023-03-07 10:12:53',	'2023-03-07 10:12:53'),
(24,	'Culpa quis exercitationem.',	'journal.jpg',	'Modi quos doloribus ex quia accusantium quis aliquid. Voluptatum consequatur beatae accusamus quaerat ut deleniti.',	'Quia culpa laudantium facere ratione non animi pariatur. Quae veritatis est deleniti sed labore non. Dolores voluptas sapiente ratione magnam eaque ad. Sint unde nihil ullam eveniet eius laboriosam.',	'www.unmuh.com',	21,	'97974',	'2342O',	'2023-03-07 10:12:53',	'2023-03-07 10:12:53'),
(25,	'Eum odio quod odio provident.',	'journal.jpg',	'Ipsam corporis illum qui cum eveniet. Sed molestiae ut aspernatur alias. Ex incidunt dignissimos commodi sed et et et.',	'Voluptates architecto corporis ipsa aperiam dicta a hic. Atque aut amet est iusto. Fugiat maiores recusandae quo est et dicta consequatur. Quo debitis ipsam odit blanditiis nihil ipsum.',	'www.unmuh.com',	49,	'52618',	'2555S',	'2023-03-07 10:12:53',	'2023-03-07 10:12:53'),
(26,	'Eum perferendis perferendis.',	'journal.jpg',	'Doloremque laboriosam enim ut deserunt harum. Non et consequatur accusantium dolore est unde. Non minima doloremque culpa corporis iusto perferendis. Consequatur sit aut quos pariatur officiis sequi sapiente. Optio architecto ut aut tempore.',	'Doloremque et ipsa reprehenderit molestias blanditiis. Iste cumque nihil consequatur nobis dolorem id. Ab reprehenderit odio sed et. Iusto consequatur officia ab culpa.',	'www.unmuh.com',	7,	'81228',	'2111D',	'2023-03-07 10:12:53',	'2023-03-07 10:12:53'),
(27,	'Ipsam ut non.',	'journal.jpg',	'Quisquam error consequuntur est sequi esse occaecati et. Voluptas dicta dolores facere delectus dicta. Quam commodi enim eligendi deserunt voluptas delectus. Qui fugit qui cupiditate eius.',	'Itaque in commodi quia repellendus saepe nihil. Alias reprehenderit qui neque sit cum eveniet voluptates possimus. Et error reiciendis quasi qui perferendis. Corporis rem ex quidem et nesciunt atque dolor. Libero et harum expedita voluptas.',	'www.unmuh.com',	43,	'77208',	'2511A',	'2023-03-07 10:12:54',	'2023-03-07 10:12:54'),
(28,	'Quidem laborum rerum labore.',	'journal.jpg',	'Ea velit labore libero molestias. Repellat et amet possimus vero est alias rerum. Officiis nostrum consequuntur ipsam. Eos incidunt cupiditate ducimus repellendus molestias ratione. Mollitia porro sed ab nemo reiciendis qui non.',	'Omnis quis sint consequuntur quisquam eos incidunt totam. Ut earum et eos quis occaecati eos nostrum. Explicabo voluptate eos impedit. Est facilis tenetur qui nobis eos accusamus.',	'www.unmuh.com',	37,	'64082',	'2253S',	'2023-03-07 10:12:54',	'2023-03-07 10:12:54'),
(29,	'Laudantium rerum cum officia.',	'journal.jpg',	'Quam commodi dicta qui quod. Consequuntur ad cum enim fuga voluptatem. Aperiam quam voluptas neque facilis aut perspiciatis sed.',	'Eos in vero vitae ipsa. Repellendus eveniet architecto ullam sit exercitationem reprehenderit ipsam maxime. Debitis hic ut unde maiores eos. Sunt dolor sunt maiores quos eligendi placeat.',	'www.unmuh.com',	9,	'47231',	'1355U',	'2023-03-07 10:12:54',	'2023-03-07 10:12:54'),
(30,	'Alias incidunt asperiores.',	'journal.jpg',	'Maiores porro mollitia officia accusantium fugiat soluta tempore. Omnis aut et mollitia aut facilis. Animi et sint natus sequi doloribus id consequatur quas.',	'Reprehenderit laboriosam vero sint consequatur. Deleniti omnis fugit et maiores quasi quasi. Nihil amet nesciunt laudantium corporis sint id. Dicta sed qui odio qui enim maiores qui unde.',	'www.unmuh.com',	38,	'98084',	'2421Q',	'2023-03-07 10:12:54',	'2023-03-07 10:12:54'),
(31,	'Itaque sunt consequuntur.',	'journal.jpg',	'Quam quia non assumenda dolores dolorum maxime maxime ut. Reiciendis perferendis vero fugiat aut culpa quidem.',	'Exercitationem tenetur dolore eveniet magni quo eos. Quibusdam odit accusantium in perferendis distinctio ut. Porro itaque odio commodi beatae. Natus et ipsa et laborum. Blanditiis sed hic fugiat earum.',	'www.unmuh.com',	44,	'97950',	'3455X',	'2023-03-07 10:12:54',	'2023-03-07 10:12:54'),
(32,	'Voluptate laudantium et.',	'journal.jpg',	'Architecto sapiente omnis culpa eos minima. Hic corporis sit molestiae dolor in et natus. Accusamus perspiciatis rerum hic inventore nihil.',	'Explicabo consequatur qui neque vel voluptatem incidunt tenetur non. Aspernatur saepe earum autem beatae quam blanditiis eligendi magnam. Voluptas error exercitationem voluptatem inventore.',	'www.unmuh.com',	23,	'93826',	'4243I',	'2023-03-07 10:12:54',	'2023-03-07 10:12:54'),
(33,	'Illum fugit quo.',	'journal.jpg',	'Distinctio nihil est qui ipsa architecto consectetur cumque. Et totam odio ea aspernatur sit. Vitae deserunt atque sequi ab. Rerum inventore est modi.',	'Quia in dolorem porro consequatur blanditiis veritatis. Totam et minus aliquid illo quod. Ea accusantium voluptas voluptas nihil est qui. Nihil sed quisquam et natus at dolorum architecto.',	'www.unmuh.com',	33,	'19174',	'1253X',	'2023-03-07 10:12:54',	'2023-03-07 10:12:54'),
(34,	'Non et molestiae.',	'journal.jpg',	'Reiciendis perspiciatis omnis corporis necessitatibus molestias. Suscipit itaque natus quaerat optio nemo maxime. Magni facilis assumenda sint et qui.',	'Illo dicta totam non deserunt sed. Assumenda nulla laborum assumenda eligendi necessitatibus quisquam modi. Sit vel nesciunt ducimus voluptatibus reprehenderit non quibusdam. Animi eligendi tempore aperiam quibusdam vero blanditiis impedit.',	'www.unmuh.com',	45,	'15814',	'3132U',	'2023-03-07 10:12:54',	'2023-03-07 10:12:54'),
(35,	'Sed illo commodi.',	'journal.jpg',	'Magnam qui et illum et qui. Aut aut aut inventore earum sapiente quasi non. Ad corporis quas animi ullam.',	'Et non enim accusantium id et ducimus. Voluptate amet est necessitatibus assumenda beatae. Rerum eum hic eum maiores.',	'www.unmuh.com',	39,	'62339',	'2231M',	'2023-03-07 10:12:54',	'2023-03-07 10:12:54'),
(36,	'Sequi quia nulla totam.',	'journal.jpg',	'Minus pariatur voluptatem alias. Est incidunt molestiae qui id velit expedita quis. Nobis quam corporis dolor quae non natus.',	'Perspiciatis accusantium reprehenderit consectetur nihil asperiores voluptas. Aperiam ducimus eum recusandae placeat dolor voluptatibus similique. Occaecati ut eaque voluptas. Autem nostrum rerum et recusandae nulla dolorem.',	'www.unmuh.com',	15,	'76939',	'3421L',	'2023-03-07 10:12:54',	'2023-03-07 10:12:54'),
(37,	'Culpa inventore impedit.',	'journal.jpg',	'Adipisci reprehenderit velit minima quos consequatur qui mollitia. Velit illum qui ipsum suscipit voluptas itaque odit harum. Ullam qui veritatis velit nesciunt consequuntur quo et nobis. Et corporis ducimus excepturi veritatis laborum ratione.',	'Sint explicabo ut ut excepturi maiores sit. Aut nostrum ad quae ea ea omnis deserunt. Tempora minus aut iusto non ea sunt ex. Temporibus illum maxime quisquam quasi praesentium reprehenderit est dolores.',	'www.unmuh.com',	31,	'33035',	'1541L',	'2023-03-07 10:12:54',	'2023-03-07 10:12:54'),
(38,	'Laudantium natus dolor nihil sit.',	'journal.jpg',	'Expedita est non provident quisquam et vitae blanditiis. Et eos consequatur ab dolorem. Enim dignissimos eos qui beatae facere hic illum. Ut non voluptatibus aut consequuntur accusantium mollitia laborum assumenda.',	'Corrupti sed consequatur deserunt doloribus. Minus et dolorum aut blanditiis aut sint ut. Enim itaque earum magni qui natus sed. Totam inventore sed ut aut veritatis. Impedit dignissimos aliquam cum. Est est deleniti veritatis dicta quia.',	'www.unmuh.com',	35,	'33285',	'1155B',	'2023-03-07 10:12:54',	'2023-03-07 10:12:54'),
(39,	'Dolor sed non.',	'journal.jpg',	'Commodi et non quisquam quaerat quos est voluptatem. Voluptatem ut et qui omnis possimus et. Minima qui a similique accusantium consectetur minima accusantium.',	'Totam et cum minima nam debitis sapiente. Mollitia est distinctio culpa fugit temporibus. Dicta quas dolorum aut et. Non eos et ea voluptatem soluta.',	'www.unmuh.com',	45,	'32918',	'1451W',	'2023-03-07 10:12:54',	'2023-03-07 10:12:54'),
(40,	'Unde velit similique quo.',	'journal.jpg',	'Repellendus saepe soluta optio repudiandae libero velit. Atque eius amet dolorum ratione ipsa. Eaque autem rem nisi. Aut illum occaecati similique nesciunt minus magnam est. Sequi ipsum suscipit aspernatur quia voluptatem qui similique dolorum.',	'Recusandae nihil tempore dignissimos rerum voluptas. Ut voluptas veniam laboriosam at itaque vitae. Dolores est ratione rerum et. Quas enim aut odio occaecati repellat quasi. Quod consequatur placeat consequatur mollitia consequuntur voluptas vel.',	'www.unmuh.com',	50,	'51766',	'3154Z',	'2023-03-07 10:12:54',	'2023-03-07 10:12:54'),
(41,	'Est voluptatibus laboriosam in.',	'journal.jpg',	'Possimus ab et eos necessitatibus sed neque quis. Impedit voluptatem consectetur quasi quasi natus voluptates ad voluptas. A iure voluptates quam consequatur. Quis ullam ut quis eveniet aliquid esse.',	'Quia ea voluptas non corrupti quod et. Quasi ut voluptatibus dolor vero natus sit quos repudiandae. Corrupti blanditiis corrupti non qui qui ut. Consequuntur error dolor incidunt excepturi autem ab.',	'www.unmuh.com',	9,	'40253',	'1125C',	'2023-03-07 10:12:54',	'2023-03-07 10:12:54'),
(42,	'Officiis beatae corporis.',	'journal.jpg',	'Voluptatibus velit ut voluptas reprehenderit. Optio sit quo assumenda. Praesentium distinctio accusamus ut. Facere ullam deserunt amet ducimus vitae saepe. Voluptate similique molestias ad voluptatibus cum.',	'Earum aut voluptas ullam. Fuga non cupiditate magnam facilis ab recusandae consectetur. Eligendi quos hic commodi eum mollitia ut mollitia. Et est qui quaerat vel asperiores quis amet accusantium.',	'www.unmuh.com',	45,	'89800',	'1432G',	'2023-03-07 10:12:54',	'2023-03-07 10:12:54'),
(43,	'Natus corporis expedita sint.',	'journal.jpg',	'Ut minima voluptas excepturi velit qui. Qui quibusdam dolorum vel illum ut quis consequatur accusantium. Facilis id consequatur voluptas est.',	'Odit nulla nam similique qui dicta rerum. Beatae qui in minus ut. A aut libero repudiandae. Harum eos libero libero dolores itaque.',	'www.unmuh.com',	44,	'85003',	'3232S',	'2023-03-07 10:12:54',	'2023-03-07 10:12:54'),
(44,	'Odio dolores.',	'journal.jpg',	'Temporibus cum rem est nihil et ipsa asperiores atque. Eos voluptas adipisci et dolores. Fuga odit qui recusandae quia minus ut. Accusamus qui excepturi sit ipsa ea at. Vel sunt similique earum quas qui.',	'Accusantium ducimus sint nihil dicta sed eum unde. Esse consequatur est laudantium culpa eligendi et id. Quia minus est dolor doloribus culpa qui sapiente earum. Et iusto consectetur voluptate.',	'www.unmuh.com',	29,	'74027',	'2114N',	'2023-03-07 10:12:54',	'2023-03-07 10:12:54'),
(45,	'Earum nam sit.',	'journal.jpg',	'Labore eaque quae earum quasi. Tempora numquam perspiciatis non et. Deserunt blanditiis sit quasi quasi maxime illo maxime. Earum impedit possimus ipsa enim iusto molestiae quaerat. Dolor minus distinctio et et quo laudantium.',	'Qui cumque enim consequatur saepe excepturi voluptas et rerum. Itaque quia ut id quidem tempora ut unde. Eius qui aut soluta accusantium reprehenderit dolores qui.',	'www.unmuh.com',	10,	'95127',	'3313D',	'2023-03-07 10:12:54',	'2023-03-07 10:12:54'),
(46,	'Earum sunt expedita.',	'journal.jpg',	'Ex perspiciatis dolorem qui nihil. Qui quia unde tempora beatae vitae. Quibusdam et laborum praesentium ut eum sunt cumque. Mollitia repellat aut reiciendis laudantium.',	'Officiis et ut velit. Dolorem neque aut in quo. Dolores molestias eum deleniti velit dolores. Laboriosam adipisci atque voluptas soluta eos in earum.',	'www.unmuh.com',	1,	'26771',	'5321H',	'2023-03-07 10:12:54',	'2023-03-07 10:12:54'),
(47,	'Nemo distinctio incidunt.',	'journal.jpg',	'Excepturi pariatur nemo mollitia libero omnis provident aut. Nesciunt magnam quo et incidunt non hic.',	'Ratione est velit voluptatem qui ad nesciunt voluptas. Molestias molestiae consectetur ipsa omnis. Et doloribus non voluptatem pariatur a et. Possimus totam sit et est ipsa dolore. Quia laboriosam dolores alias minima.',	'www.unmuh.com',	19,	'38944',	'2514Y',	'2023-03-07 10:12:54',	'2023-03-07 10:12:54'),
(48,	'Tempora quam ducimus.',	'journal.jpg',	'Et harum nemo reiciendis ad. Et facilis provident aliquid dicta ipsam aut tempora. Exercitationem aspernatur fugiat fuga deserunt illo quia non.',	'Architecto iure quia velit et delectus eaque. Quod cum maxime sunt. Maiores quasi distinctio necessitatibus vitae. Labore ipsam dolores asperiores nisi. Rerum perspiciatis qui molestiae suscipit nesciunt reiciendis. Ab fuga corporis ut et est.',	'www.unmuh.com',	19,	'97393',	'4355G',	'2023-03-07 10:12:54',	'2023-03-07 10:12:54'),
(49,	'Nihil nobis nobis id.',	'journal.jpg',	'Omnis aut corrupti magni voluptates. Ut repudiandae voluptate sequi voluptatum. Et delectus ipsum quam et veniam aut. Molestiae quis soluta corrupti sit maxime neque enim.',	'Voluptas molestiae qui omnis alias harum. Voluptatem rem possimus explicabo. Eaque eius nesciunt libero voluptate. Quaerat debitis aut aliquam enim. Alias voluptatem sint est atque.',	'www.unmuh.com',	26,	'17097',	'5145H',	'2023-03-07 10:12:54',	'2023-03-07 10:12:54'),
(50,	'Sunt et possimus ullam.',	'journal.jpg',	'Aut est ut dolores veritatis totam. Omnis similique asperiores voluptas vel et excepturi molestiae sed.',	'Vel animi et nihil rerum impedit dignissimos. Qui a quas reiciendis et. Nemo dolores est consectetur. Est nam soluta occaecati voluptatem sed illum labore.',	'www.unmuh.com',	16,	'91854',	'5131F',	'2023-03-07 10:12:54',	'2023-03-07 10:12:54');

DROP TABLE IF EXISTS "majors";
DROP SEQUENCE IF EXISTS majors_id_seq;
CREATE SEQUENCE majors_id_seq INCREMENT 1 MINVALUE 1 MAXVALUE 9223372036854775807 CACHE 1;

CREATE TABLE "public"."majors" (
    "id" bigint DEFAULT nextval('majors_id_seq') NOT NULL,
    "name" character varying(255) NOT NULL,
    "publisher_id" bigint NOT NULL,
    "created_at" timestamp(0),
    "updated_at" timestamp(0),
    CONSTRAINT "majors_pkey" PRIMARY KEY ("id")
) WITH (oids = false);

INSERT INTO "majors" ("id", "name", "publisher_id", "created_at", "updated_at") VALUES
(1,	'omnis',	1,	'2023-03-07 10:12:54',	'2023-03-07 10:12:54'),
(2,	'ipsam',	46,	'2023-03-07 10:12:54',	'2023-03-07 10:12:54'),
(3,	'aut',	2,	'2023-03-07 10:12:54',	'2023-03-07 10:12:54'),
(4,	'sunt',	32,	'2023-03-07 10:12:54',	'2023-03-07 10:12:54'),
(5,	'maiores',	25,	'2023-03-07 10:12:54',	'2023-03-07 10:12:54'),
(6,	'rerum',	18,	'2023-03-07 10:12:54',	'2023-03-07 10:12:54'),
(7,	'occaecati',	30,	'2023-03-07 10:12:54',	'2023-03-07 10:12:54'),
(8,	'eaque',	27,	'2023-03-07 10:12:54',	'2023-03-07 10:12:54'),
(9,	'illo',	9,	'2023-03-07 10:12:54',	'2023-03-07 10:12:54'),
(10,	'quo',	12,	'2023-03-07 10:12:54',	'2023-03-07 10:12:54'),
(11,	'est',	9,	'2023-03-07 10:12:54',	'2023-03-07 10:12:54'),
(12,	'et',	7,	'2023-03-07 10:12:54',	'2023-03-07 10:12:54'),
(13,	'vero',	3,	'2023-03-07 10:12:54',	'2023-03-07 10:12:54'),
(14,	'molestias',	3,	'2023-03-07 10:12:54',	'2023-03-07 10:12:54'),
(15,	'autem',	23,	'2023-03-07 10:12:54',	'2023-03-07 10:12:54'),
(16,	'assumenda',	24,	'2023-03-07 10:12:54',	'2023-03-07 10:12:54'),
(17,	'illum',	41,	'2023-03-07 10:12:54',	'2023-03-07 10:12:54'),
(18,	'reprehenderit',	23,	'2023-03-07 10:12:54',	'2023-03-07 10:12:54'),
(19,	'doloribus',	27,	'2023-03-07 10:12:54',	'2023-03-07 10:12:54'),
(20,	'eligendi',	22,	'2023-03-07 10:12:54',	'2023-03-07 10:12:54');

DROP TABLE IF EXISTS "migrations";
DROP SEQUENCE IF EXISTS migrations_id_seq;
CREATE SEQUENCE migrations_id_seq INCREMENT 1 MINVALUE 1 MAXVALUE 2147483647 CACHE 1;

CREATE TABLE "public"."migrations" (
    "id" integer DEFAULT nextval('migrations_id_seq') NOT NULL,
    "migration" character varying(255) NOT NULL,
    "batch" integer NOT NULL,
    CONSTRAINT "migrations_pkey" PRIMARY KEY ("id")
) WITH (oids = false);

INSERT INTO "migrations" ("id", "migration", "batch") VALUES
(1,	'2014_10_12_000000_create_users_table',	1),
(2,	'2014_10_12_100000_create_password_reset_tokens_table',	1),
(3,	'2019_08_19_000000_create_failed_jobs_table',	1),
(4,	'2019_12_14_000001_create_personal_access_tokens_table',	1),
(5,	'2023_03_03_025850_create_publishers_table',	1),
(6,	'2023_03_03_030856_create_fakulties_table',	1),
(7,	'2023_03_03_030907_create_majors_table',	1),
(8,	'2023_03_03_030930_create_journals_table',	1),
(9,	'2023_03_03_030938_create_articles_table',	1),
(10,	'2023_03_03_030949_create_subjects_table',	1),
(11,	'2023_03_03_030955_create_roles_table',	1),
(12,	'2023_03_04_031006_create_journal_subject_table',	1),
(13,	'2023_03_07_092207_create_provinces_table',	1),
(14,	'2023_03_07_092239_create_regencies_table',	1);

DROP TABLE IF EXISTS "password_reset_tokens";
CREATE TABLE "public"."password_reset_tokens" (
    "email" character varying(255) NOT NULL,
    "token" character varying(255) NOT NULL,
    "created_at" timestamp(0),
    CONSTRAINT "password_reset_tokens_pkey" PRIMARY KEY ("email")
) WITH (oids = false);


DROP TABLE IF EXISTS "personal_access_tokens";
DROP SEQUENCE IF EXISTS personal_access_tokens_id_seq;
CREATE SEQUENCE personal_access_tokens_id_seq INCREMENT 1 MINVALUE 1 MAXVALUE 9223372036854775807 CACHE 1;

CREATE TABLE "public"."personal_access_tokens" (
    "id" bigint DEFAULT nextval('personal_access_tokens_id_seq') NOT NULL,
    "tokenable_type" character varying(255) NOT NULL,
    "tokenable_id" bigint NOT NULL,
    "name" character varying(255) NOT NULL,
    "token" character varying(64) NOT NULL,
    "abilities" text,
    "last_used_at" timestamp(0),
    "expires_at" timestamp(0),
    "created_at" timestamp(0),
    "updated_at" timestamp(0),
    CONSTRAINT "personal_access_tokens_pkey" PRIMARY KEY ("id"),
    CONSTRAINT "personal_access_tokens_token_unique" UNIQUE ("token")
) WITH (oids = false);

CREATE INDEX "personal_access_tokens_tokenable_type_tokenable_id_index" ON "public"."personal_access_tokens" USING btree ("tokenable_type", "tokenable_id");


DROP TABLE IF EXISTS "provinces";
DROP SEQUENCE IF EXISTS provinces_id_seq;
CREATE SEQUENCE provinces_id_seq INCREMENT 1 MINVALUE 1 MAXVALUE 9223372036854775807 CACHE 1;

CREATE TABLE "public"."provinces" (
    "id" bigint DEFAULT nextval('provinces_id_seq') NOT NULL,
    "kode" integer NOT NULL,
    "name" character varying(255) NOT NULL,
    "created_at" timestamp(0),
    "updated_at" timestamp(0),
    CONSTRAINT "provinces_pkey" PRIMARY KEY ("id")
) WITH (oids = false);

INSERT INTO "provinces" ("id", "kode", "name", "created_at", "updated_at") VALUES
(1,	11,	' ACEH',	'2023-03-07 10:15:14',	'2023-03-07 10:15:14'),
(2,	12,	' SUMATERA UTARA',	'2023-03-07 10:15:14',	'2023-03-07 10:15:14'),
(3,	13,	' SUMATERA BARAT',	'2023-03-07 10:15:14',	'2023-03-07 10:15:14'),
(4,	14,	' RIAU',	'2023-03-07 10:15:14',	'2023-03-07 10:15:14'),
(5,	15,	' JAMBI',	'2023-03-07 10:15:14',	'2023-03-07 10:15:14'),
(6,	16,	' SUMATERA SELATAN',	'2023-03-07 10:15:14',	'2023-03-07 10:15:14'),
(7,	17,	' BENGKULU',	'2023-03-07 10:15:14',	'2023-03-07 10:15:14'),
(8,	18,	' LAMPUNG',	'2023-03-07 10:15:14',	'2023-03-07 10:15:14'),
(9,	19,	' KEPULAUAN BANGKA BELITUNG',	'2023-03-07 10:15:14',	'2023-03-07 10:15:14'),
(10,	21,	' KEPULAUAN RIAU',	'2023-03-07 10:15:14',	'2023-03-07 10:15:14'),
(11,	31,	' DKI JAKARTA',	'2023-03-07 10:15:14',	'2023-03-07 10:15:14'),
(12,	32,	' JAWA BARAT',	'2023-03-07 10:15:14',	'2023-03-07 10:15:14'),
(13,	33,	' JAWA TENGAH',	'2023-03-07 10:15:15',	'2023-03-07 10:15:15'),
(14,	34,	' DI YOGYAKARTA',	'2023-03-07 10:15:15',	'2023-03-07 10:15:15'),
(15,	35,	' JAWA TIMUR',	'2023-03-07 10:15:15',	'2023-03-07 10:15:15'),
(16,	36,	' BANTEN',	'2023-03-07 10:15:15',	'2023-03-07 10:15:15'),
(17,	51,	' BALI',	'2023-03-07 10:15:15',	'2023-03-07 10:15:15'),
(18,	52,	' NUSA TENGGARA BARAT',	'2023-03-07 10:15:15',	'2023-03-07 10:15:15'),
(19,	53,	' NUSA TENGGARA TIMUR',	'2023-03-07 10:15:15',	'2023-03-07 10:15:15'),
(20,	61,	' KALIMANTAN BARAT',	'2023-03-07 10:15:15',	'2023-03-07 10:15:15'),
(21,	62,	' KALIMANTAN TENGAH',	'2023-03-07 10:15:15',	'2023-03-07 10:15:15'),
(22,	63,	' KALIMANTAN SELATAN',	'2023-03-07 10:15:15',	'2023-03-07 10:15:15'),
(23,	64,	' KALIMANTAN TIMUR',	'2023-03-07 10:15:15',	'2023-03-07 10:15:15'),
(24,	65,	' KALIMANTAN UTARA',	'2023-03-07 10:15:15',	'2023-03-07 10:15:15'),
(25,	71,	' SULAWESI UTARA',	'2023-03-07 10:15:15',	'2023-03-07 10:15:15'),
(26,	72,	' SULAWESI TENGAH',	'2023-03-07 10:15:15',	'2023-03-07 10:15:15'),
(27,	73,	' SULAWESI SELATAN',	'2023-03-07 10:15:15',	'2023-03-07 10:15:15'),
(28,	74,	' SULAWESI TENGGARA',	'2023-03-07 10:15:15',	'2023-03-07 10:15:15'),
(29,	75,	' GORONTALO',	'2023-03-07 10:15:15',	'2023-03-07 10:15:15'),
(30,	76,	' SULAWESI BARAT',	'2023-03-07 10:15:15',	'2023-03-07 10:15:15'),
(31,	81,	' MALUKU',	'2023-03-07 10:15:15',	'2023-03-07 10:15:15'),
(32,	82,	' MALUKU UTARA',	'2023-03-07 10:15:15',	'2023-03-07 10:15:15'),
(33,	91,	' PAPUA BARAT',	'2023-03-07 10:15:15',	'2023-03-07 10:15:15'),
(34,	94,	' PAPUA',	'2023-03-07 10:15:15',	'2023-03-07 10:15:15');

DROP TABLE IF EXISTS "publishers";
DROP SEQUENCE IF EXISTS publishers_id_seq;
CREATE SEQUENCE publishers_id_seq INCREMENT 1 MINVALUE 1 MAXVALUE 9223372036854775807 CACHE 1;

CREATE TABLE "public"."publishers" (
    "id" bigint DEFAULT nextval('publishers_id_seq') NOT NULL,
    "name" character varying(255) NOT NULL,
    "img" character varying(255) NOT NULL,
    "alias" character varying(255) NOT NULL,
    "regency_id" bigint NOT NULL,
    "province_id" bigint NOT NULL,
    "website" character varying(255) NOT NULL,
    "created_at" timestamp(0),
    "updated_at" timestamp(0),
    CONSTRAINT "publishers_name_unique" UNIQUE ("name"),
    CONSTRAINT "publishers_pkey" PRIMARY KEY ("id")
) WITH (oids = false);

INSERT INTO "publishers" ("id", "name", "img", "alias", "regency_id", "province_id", "website", "created_at", "updated_at") VALUES
(1,	'quaerat beatae',	'unmuh.jpg',	'UI',	52,	9,	'www.unmuh.com',	'2023-03-07 10:12:54',	'2023-03-07 10:12:54'),
(2,	'et qui',	'unmuh.jpg',	'UI',	74,	28,	'www.unmuh.com',	'2023-03-07 10:12:54',	'2023-03-07 10:12:54'),
(3,	'saepe debitis',	'unmuh.jpg',	'UI',	289,	10,	'www.unmuh.com',	'2023-03-07 10:12:54',	'2023-03-07 10:12:54'),
(4,	'amet enim',	'unmuh.jpg',	'UI',	18,	3,	'www.unmuh.com',	'2023-03-07 10:12:54',	'2023-03-07 10:12:54'),
(5,	'architecto aliquam',	'unmuh.jpg',	'UI',	282,	16,	'www.unmuh.com',	'2023-03-07 10:12:54',	'2023-03-07 10:12:54'),
(6,	'magnam quia',	'unmuh.jpg',	'UI',	320,	10,	'www.unmuh.com',	'2023-03-07 10:12:54',	'2023-03-07 10:12:54'),
(7,	'nemo sapiente',	'unmuh.jpg',	'UI',	137,	29,	'www.unmuh.com',	'2023-03-07 10:12:54',	'2023-03-07 10:12:54'),
(8,	'explicabo et',	'unmuh.jpg',	'UI',	320,	14,	'www.unmuh.com',	'2023-03-07 10:12:54',	'2023-03-07 10:12:54'),
(9,	'eaque ab',	'unmuh.jpg',	'UI',	26,	27,	'www.unmuh.com',	'2023-03-07 10:12:54',	'2023-03-07 10:12:54'),
(10,	'necessitatibus doloribus',	'unmuh.jpg',	'UI',	251,	16,	'www.unmuh.com',	'2023-03-07 10:12:54',	'2023-03-07 10:12:54'),
(11,	'natus qui',	'unmuh.jpg',	'UI',	27,	22,	'www.unmuh.com',	'2023-03-07 10:12:54',	'2023-03-07 10:12:54'),
(12,	'velit mollitia',	'unmuh.jpg',	'UI',	302,	26,	'www.unmuh.com',	'2023-03-07 10:12:54',	'2023-03-07 10:12:54'),
(13,	'doloribus dolores',	'unmuh.jpg',	'UI',	226,	23,	'www.unmuh.com',	'2023-03-07 10:12:54',	'2023-03-07 10:12:54'),
(14,	'est quis',	'unmuh.jpg',	'UI',	28,	11,	'www.unmuh.com',	'2023-03-07 10:12:54',	'2023-03-07 10:12:54'),
(15,	'quas adipisci',	'unmuh.jpg',	'UI',	193,	24,	'www.unmuh.com',	'2023-03-07 10:12:54',	'2023-03-07 10:12:54'),
(16,	'odio rerum',	'unmuh.jpg',	'UI',	197,	25,	'www.unmuh.com',	'2023-03-07 10:12:54',	'2023-03-07 10:12:54'),
(17,	'pariatur deserunt',	'unmuh.jpg',	'UI',	132,	8,	'www.unmuh.com',	'2023-03-07 10:12:54',	'2023-03-07 10:12:54'),
(18,	'vero ut',	'unmuh.jpg',	'UI',	224,	22,	'www.unmuh.com',	'2023-03-07 10:12:54',	'2023-03-07 10:12:54'),
(19,	'eum dolores',	'unmuh.jpg',	'UI',	393,	19,	'www.unmuh.com',	'2023-03-07 10:12:54',	'2023-03-07 10:12:54'),
(20,	'occaecati sit',	'unmuh.jpg',	'UI',	510,	29,	'www.unmuh.com',	'2023-03-07 10:12:54',	'2023-03-07 10:12:54'),
(21,	'eos dolorum',	'unmuh.jpg',	'UI',	125,	27,	'www.unmuh.com',	'2023-03-07 10:12:54',	'2023-03-07 10:12:54'),
(22,	'non voluptates',	'unmuh.jpg',	'UI',	256,	16,	'www.unmuh.com',	'2023-03-07 10:12:54',	'2023-03-07 10:12:54'),
(23,	'qui quaerat',	'unmuh.jpg',	'UI',	118,	7,	'www.unmuh.com',	'2023-03-07 10:12:55',	'2023-03-07 10:12:55'),
(24,	'accusamus deleniti',	'unmuh.jpg',	'UI',	464,	8,	'www.unmuh.com',	'2023-03-07 10:12:55',	'2023-03-07 10:12:55'),
(25,	'cumque eos',	'unmuh.jpg',	'UI',	235,	7,	'www.unmuh.com',	'2023-03-07 10:12:55',	'2023-03-07 10:12:55'),
(26,	'accusantium minus',	'unmuh.jpg',	'UI',	369,	29,	'www.unmuh.com',	'2023-03-07 10:12:55',	'2023-03-07 10:12:55'),
(27,	'at voluptatibus',	'unmuh.jpg',	'UI',	278,	20,	'www.unmuh.com',	'2023-03-07 10:12:55',	'2023-03-07 10:12:55'),
(28,	'nihil molestias',	'unmuh.jpg',	'UI',	495,	1,	'www.unmuh.com',	'2023-03-07 10:12:55',	'2023-03-07 10:12:55'),
(29,	'tenetur dignissimos',	'unmuh.jpg',	'UI',	266,	14,	'www.unmuh.com',	'2023-03-07 10:12:55',	'2023-03-07 10:12:55'),
(30,	'ut fugit',	'unmuh.jpg',	'UI',	259,	17,	'www.unmuh.com',	'2023-03-07 10:12:55',	'2023-03-07 10:12:55'),
(31,	'adipisci expedita',	'unmuh.jpg',	'UI',	259,	10,	'www.unmuh.com',	'2023-03-07 10:12:55',	'2023-03-07 10:12:55'),
(32,	'eius assumenda',	'unmuh.jpg',	'UI',	419,	7,	'www.unmuh.com',	'2023-03-07 10:12:55',	'2023-03-07 10:12:55'),
(33,	'nisi quo',	'unmuh.jpg',	'UI',	70,	6,	'www.unmuh.com',	'2023-03-07 10:12:55',	'2023-03-07 10:12:55'),
(34,	'beatae sint',	'unmuh.jpg',	'UI',	27,	8,	'www.unmuh.com',	'2023-03-07 10:12:55',	'2023-03-07 10:12:55'),
(35,	'ut odit',	'unmuh.jpg',	'UI',	74,	31,	'www.unmuh.com',	'2023-03-07 10:12:55',	'2023-03-07 10:12:55'),
(36,	'ab tenetur',	'unmuh.jpg',	'UI',	260,	20,	'www.unmuh.com',	'2023-03-07 10:12:55',	'2023-03-07 10:12:55'),
(37,	'nihil et',	'unmuh.jpg',	'UI',	359,	20,	'www.unmuh.com',	'2023-03-07 10:12:55',	'2023-03-07 10:12:55'),
(38,	'rerum eos',	'unmuh.jpg',	'UI',	449,	26,	'www.unmuh.com',	'2023-03-07 10:12:55',	'2023-03-07 10:12:55'),
(39,	'sed et',	'unmuh.jpg',	'UI',	269,	20,	'www.unmuh.com',	'2023-03-07 10:12:55',	'2023-03-07 10:12:55'),
(40,	'laborum magnam',	'unmuh.jpg',	'UI',	66,	9,	'www.unmuh.com',	'2023-03-07 10:12:55',	'2023-03-07 10:12:55'),
(41,	'debitis alias',	'unmuh.jpg',	'UI',	47,	12,	'www.unmuh.com',	'2023-03-07 10:12:55',	'2023-03-07 10:12:55'),
(42,	'quia fuga',	'unmuh.jpg',	'UI',	2,	10,	'www.unmuh.com',	'2023-03-07 10:12:55',	'2023-03-07 10:12:55'),
(43,	'alias mollitia',	'unmuh.jpg',	'UI',	178,	32,	'www.unmuh.com',	'2023-03-07 10:12:55',	'2023-03-07 10:12:55'),
(44,	'aut quod',	'unmuh.jpg',	'UI',	318,	28,	'www.unmuh.com',	'2023-03-07 10:12:55',	'2023-03-07 10:12:55'),
(45,	'quibusdam vitae',	'unmuh.jpg',	'UI',	87,	8,	'www.unmuh.com',	'2023-03-07 10:12:55',	'2023-03-07 10:12:55'),
(46,	'et quis',	'unmuh.jpg',	'UI',	435,	12,	'www.unmuh.com',	'2023-03-07 10:12:55',	'2023-03-07 10:12:55'),
(47,	'soluta optio',	'unmuh.jpg',	'UI',	408,	15,	'www.unmuh.com',	'2023-03-07 10:12:55',	'2023-03-07 10:12:55'),
(48,	'provident laboriosam',	'unmuh.jpg',	'UI',	101,	20,	'www.unmuh.com',	'2023-03-07 10:12:55',	'2023-03-07 10:12:55'),
(49,	'voluptas illo',	'unmuh.jpg',	'UI',	348,	25,	'www.unmuh.com',	'2023-03-07 10:12:55',	'2023-03-07 10:12:55'),
(50,	'eum dolor',	'unmuh.jpg',	'UI',	359,	14,	'www.unmuh.com',	'2023-03-07 10:12:55',	'2023-03-07 10:12:55');

DROP TABLE IF EXISTS "regencies";
DROP SEQUENCE IF EXISTS regencies_id_seq;
CREATE SEQUENCE regencies_id_seq INCREMENT 1 MINVALUE 1 MAXVALUE 9223372036854775807 CACHE 1;

CREATE TABLE "public"."regencies" (
    "id" bigint DEFAULT nextval('regencies_id_seq') NOT NULL,
    "kode_pos" integer NOT NULL,
    "province_id" bigint NOT NULL,
    "name" character varying(255) NOT NULL,
    "created_at" timestamp(0),
    "updated_at" timestamp(0),
    CONSTRAINT "regencies_pkey" PRIMARY KEY ("id")
) WITH (oids = false);

INSERT INTO "regencies" ("id", "kode_pos", "province_id", "name", "created_at", "updated_at") VALUES
(1,	1101,	11,	' KABUPATEN SIMEULUE',	'2023-03-07 10:24:15',	'2023-03-07 10:24:15'),
(2,	1102,	11,	' KABUPATEN ACEH SINGKIL',	'2023-03-07 10:24:15',	'2023-03-07 10:24:15'),
(3,	1103,	11,	' KABUPATEN ACEH SELATAN',	'2023-03-07 10:24:15',	'2023-03-07 10:24:15'),
(4,	1104,	11,	' KABUPATEN ACEH TENGGARA',	'2023-03-07 10:24:15',	'2023-03-07 10:24:15'),
(5,	1105,	11,	' KABUPATEN ACEH TIMUR',	'2023-03-07 10:24:15',	'2023-03-07 10:24:15'),
(6,	1106,	11,	' KABUPATEN ACEH TENGAH',	'2023-03-07 10:24:15',	'2023-03-07 10:24:15'),
(7,	1107,	11,	' KABUPATEN ACEH BARAT',	'2023-03-07 10:24:15',	'2023-03-07 10:24:15'),
(8,	1108,	11,	' KABUPATEN ACEH BESAR',	'2023-03-07 10:24:15',	'2023-03-07 10:24:15'),
(9,	1109,	11,	' KABUPATEN PIDIE',	'2023-03-07 10:24:15',	'2023-03-07 10:24:15'),
(10,	1110,	11,	' KABUPATEN BIREUEN',	'2023-03-07 10:24:15',	'2023-03-07 10:24:15'),
(11,	1111,	11,	' KABUPATEN ACEH UTARA',	'2023-03-07 10:24:15',	'2023-03-07 10:24:15'),
(12,	1112,	11,	' KABUPATEN ACEH BARAT DAYA',	'2023-03-07 10:24:15',	'2023-03-07 10:24:15'),
(13,	1113,	11,	' KABUPATEN GAYO LUES',	'2023-03-07 10:24:15',	'2023-03-07 10:24:15'),
(14,	1114,	11,	' KABUPATEN ACEH TAMIANG',	'2023-03-07 10:24:15',	'2023-03-07 10:24:15'),
(15,	1115,	11,	' KABUPATEN NAGAN RAYA',	'2023-03-07 10:24:15',	'2023-03-07 10:24:15'),
(16,	1116,	11,	' KABUPATEN ACEH JAYA',	'2023-03-07 10:24:15',	'2023-03-07 10:24:15'),
(17,	1117,	11,	' KABUPATEN BENER MERIAH',	'2023-03-07 10:24:15',	'2023-03-07 10:24:15'),
(18,	1118,	11,	' KABUPATEN PIDIE JAYA',	'2023-03-07 10:24:15',	'2023-03-07 10:24:15'),
(19,	1171,	11,	' KOTA BANDA ACEH',	'2023-03-07 10:24:15',	'2023-03-07 10:24:15'),
(20,	1172,	11,	' KOTA SABANG',	'2023-03-07 10:24:15',	'2023-03-07 10:24:15'),
(21,	1173,	11,	' KOTA LANGSA',	'2023-03-07 10:24:15',	'2023-03-07 10:24:15'),
(22,	1174,	11,	' KOTA LHOKSEUMAWE',	'2023-03-07 10:24:15',	'2023-03-07 10:24:15'),
(23,	1175,	11,	' KOTA SUBULUSSALAM',	'2023-03-07 10:24:15',	'2023-03-07 10:24:15'),
(24,	1201,	12,	' KABUPATEN NIAS',	'2023-03-07 10:24:15',	'2023-03-07 10:24:15'),
(25,	1202,	12,	' KABUPATEN MANDAILING NATAL',	'2023-03-07 10:24:15',	'2023-03-07 10:24:15'),
(26,	1203,	12,	' KABUPATEN TAPANULI SELATAN',	'2023-03-07 10:24:15',	'2023-03-07 10:24:15'),
(27,	1204,	12,	' KABUPATEN TAPANULI TENGAH',	'2023-03-07 10:24:15',	'2023-03-07 10:24:15'),
(28,	1205,	12,	' KABUPATEN TAPANULI UTARA',	'2023-03-07 10:24:15',	'2023-03-07 10:24:15'),
(29,	1206,	12,	' KABUPATEN TOBA SAMOSIR',	'2023-03-07 10:24:15',	'2023-03-07 10:24:15'),
(30,	1207,	12,	' KABUPATEN LABUHAN BATU',	'2023-03-07 10:24:15',	'2023-03-07 10:24:15'),
(31,	1208,	12,	' KABUPATEN ASAHAN',	'2023-03-07 10:24:15',	'2023-03-07 10:24:15'),
(32,	1209,	12,	' KABUPATEN SIMALUNGUN',	'2023-03-07 10:24:15',	'2023-03-07 10:24:15'),
(33,	1210,	12,	' KABUPATEN DAIRI',	'2023-03-07 10:24:15',	'2023-03-07 10:24:15'),
(34,	1211,	12,	' KABUPATEN KARO',	'2023-03-07 10:24:15',	'2023-03-07 10:24:15'),
(35,	1212,	12,	' KABUPATEN DELI SERDANG',	'2023-03-07 10:24:15',	'2023-03-07 10:24:15'),
(36,	1213,	12,	' KABUPATEN LANGKAT',	'2023-03-07 10:24:15',	'2023-03-07 10:24:15'),
(37,	1214,	12,	' KABUPATEN NIAS SELATAN',	'2023-03-07 10:24:15',	'2023-03-07 10:24:15'),
(38,	1215,	12,	' KABUPATEN HUMBANG HASUNDUTAN',	'2023-03-07 10:24:15',	'2023-03-07 10:24:15'),
(39,	1216,	12,	' KABUPATEN PAKPAK BHARAT',	'2023-03-07 10:24:15',	'2023-03-07 10:24:15'),
(40,	1217,	12,	' KABUPATEN SAMOSIR',	'2023-03-07 10:24:15',	'2023-03-07 10:24:15'),
(41,	1218,	12,	' KABUPATEN SERDANG BEDAGAI',	'2023-03-07 10:24:15',	'2023-03-07 10:24:15'),
(42,	1219,	12,	' KABUPATEN BATU BARA',	'2023-03-07 10:24:15',	'2023-03-07 10:24:15'),
(43,	1220,	12,	' KABUPATEN PADANG LAWAS UTARA',	'2023-03-07 10:24:15',	'2023-03-07 10:24:15'),
(44,	1221,	12,	' KABUPATEN PADANG LAWAS',	'2023-03-07 10:24:15',	'2023-03-07 10:24:15'),
(45,	1222,	12,	' KABUPATEN LABUHAN BATU SELATAN',	'2023-03-07 10:24:15',	'2023-03-07 10:24:15'),
(46,	1223,	12,	' KABUPATEN LABUHAN BATU UTARA',	'2023-03-07 10:24:15',	'2023-03-07 10:24:15'),
(47,	1224,	12,	' KABUPATEN NIAS UTARA',	'2023-03-07 10:24:15',	'2023-03-07 10:24:15'),
(48,	1225,	12,	' KABUPATEN NIAS BARAT',	'2023-03-07 10:24:15',	'2023-03-07 10:24:15'),
(49,	1271,	12,	' KOTA SIBOLGA',	'2023-03-07 10:24:15',	'2023-03-07 10:24:15'),
(50,	1272,	12,	' KOTA TANJUNG BALAI',	'2023-03-07 10:24:15',	'2023-03-07 10:24:15'),
(51,	1273,	12,	' KOTA PEMATANG SIANTAR',	'2023-03-07 10:24:15',	'2023-03-07 10:24:15'),
(52,	1274,	12,	' KOTA TEBING TINGGI',	'2023-03-07 10:24:15',	'2023-03-07 10:24:15'),
(53,	1275,	12,	' KOTA MEDAN',	'2023-03-07 10:24:15',	'2023-03-07 10:24:15'),
(54,	1276,	12,	' KOTA BINJAI',	'2023-03-07 10:24:15',	'2023-03-07 10:24:15'),
(55,	1277,	12,	' KOTA PADANGSIDIMPUAN',	'2023-03-07 10:24:15',	'2023-03-07 10:24:15'),
(56,	1278,	12,	' KOTA GUNUNGSITOLI',	'2023-03-07 10:24:15',	'2023-03-07 10:24:15'),
(57,	1301,	13,	' KABUPATEN KEPULAUAN MENTAWAI',	'2023-03-07 10:24:15',	'2023-03-07 10:24:15'),
(58,	1302,	13,	' KABUPATEN PESISIR SELATAN',	'2023-03-07 10:24:15',	'2023-03-07 10:24:15'),
(59,	1303,	13,	' KABUPATEN SOLOK',	'2023-03-07 10:24:15',	'2023-03-07 10:24:15'),
(60,	1304,	13,	' KABUPATEN SIJUNJUNG',	'2023-03-07 10:24:16',	'2023-03-07 10:24:16'),
(61,	1305,	13,	' KABUPATEN TANAH DATAR',	'2023-03-07 10:24:16',	'2023-03-07 10:24:16'),
(62,	1306,	13,	' KABUPATEN PADANG PARIAMAN',	'2023-03-07 10:24:16',	'2023-03-07 10:24:16'),
(63,	1307,	13,	' KABUPATEN AGAM',	'2023-03-07 10:24:16',	'2023-03-07 10:24:16'),
(64,	1308,	13,	' KABUPATEN LIMA PULUH KOTA',	'2023-03-07 10:24:16',	'2023-03-07 10:24:16'),
(65,	1309,	13,	' KABUPATEN PASAMAN',	'2023-03-07 10:24:16',	'2023-03-07 10:24:16'),
(66,	1310,	13,	' KABUPATEN SOLOK SELATAN',	'2023-03-07 10:24:16',	'2023-03-07 10:24:16'),
(67,	1311,	13,	' KABUPATEN DHARMASRAYA',	'2023-03-07 10:24:16',	'2023-03-07 10:24:16'),
(68,	1312,	13,	' KABUPATEN PASAMAN BARAT',	'2023-03-07 10:24:16',	'2023-03-07 10:24:16'),
(69,	1371,	13,	' KOTA PADANG',	'2023-03-07 10:24:16',	'2023-03-07 10:24:16'),
(70,	1372,	13,	' KOTA SOLOK',	'2023-03-07 10:24:16',	'2023-03-07 10:24:16'),
(71,	1373,	13,	' KOTA SAWAH LUNTO',	'2023-03-07 10:24:16',	'2023-03-07 10:24:16'),
(72,	1374,	13,	' KOTA PADANG PANJANG',	'2023-03-07 10:24:16',	'2023-03-07 10:24:16'),
(73,	1375,	13,	' KOTA BUKITTINGGI',	'2023-03-07 10:24:16',	'2023-03-07 10:24:16'),
(74,	1376,	13,	' KOTA PAYAKUMBUH',	'2023-03-07 10:24:16',	'2023-03-07 10:24:16'),
(75,	1377,	13,	' KOTA PARIAMAN',	'2023-03-07 10:24:16',	'2023-03-07 10:24:16'),
(76,	1401,	14,	' KABUPATEN KUANTAN SINGINGI',	'2023-03-07 10:24:16',	'2023-03-07 10:24:16'),
(77,	1402,	14,	' KABUPATEN INDRAGIRI HULU',	'2023-03-07 10:24:16',	'2023-03-07 10:24:16'),
(78,	1403,	14,	' KABUPATEN INDRAGIRI HILIR',	'2023-03-07 10:24:16',	'2023-03-07 10:24:16'),
(79,	1404,	14,	' KABUPATEN PELALAWAN',	'2023-03-07 10:24:16',	'2023-03-07 10:24:16'),
(80,	1405,	14,	' KABUPATEN S I A K',	'2023-03-07 10:24:16',	'2023-03-07 10:24:16'),
(81,	1406,	14,	' KABUPATEN KAMPAR',	'2023-03-07 10:24:16',	'2023-03-07 10:24:16'),
(82,	1407,	14,	' KABUPATEN ROKAN HULU',	'2023-03-07 10:24:16',	'2023-03-07 10:24:16'),
(83,	1408,	14,	' KABUPATEN BENGKALIS',	'2023-03-07 10:24:16',	'2023-03-07 10:24:16'),
(84,	1409,	14,	' KABUPATEN ROKAN HILIR',	'2023-03-07 10:24:16',	'2023-03-07 10:24:16'),
(85,	1410,	14,	' KABUPATEN KEPULAUAN MERANTI',	'2023-03-07 10:24:16',	'2023-03-07 10:24:16'),
(86,	1471,	14,	' KOTA PEKANBARU',	'2023-03-07 10:24:16',	'2023-03-07 10:24:16'),
(87,	1473,	14,	' KOTA D U M A I',	'2023-03-07 10:24:16',	'2023-03-07 10:24:16'),
(88,	1501,	15,	' KABUPATEN KERINCI',	'2023-03-07 10:24:16',	'2023-03-07 10:24:16'),
(89,	1502,	15,	' KABUPATEN MERANGIN',	'2023-03-07 10:24:16',	'2023-03-07 10:24:16'),
(90,	1503,	15,	' KABUPATEN SAROLANGUN',	'2023-03-07 10:24:16',	'2023-03-07 10:24:16'),
(91,	1504,	15,	' KABUPATEN BATANG HARI',	'2023-03-07 10:24:16',	'2023-03-07 10:24:16'),
(92,	1505,	15,	' KABUPATEN MUARO JAMBI',	'2023-03-07 10:24:16',	'2023-03-07 10:24:16'),
(93,	1506,	15,	' KABUPATEN TANJUNG JABUNG TIMUR',	'2023-03-07 10:24:16',	'2023-03-07 10:24:16'),
(94,	1507,	15,	' KABUPATEN TANJUNG JABUNG BARAT',	'2023-03-07 10:24:16',	'2023-03-07 10:24:16'),
(95,	1508,	15,	' KABUPATEN TEBO',	'2023-03-07 10:24:16',	'2023-03-07 10:24:16'),
(96,	1509,	15,	' KABUPATEN BUNGO',	'2023-03-07 10:24:16',	'2023-03-07 10:24:16'),
(97,	1571,	15,	' KOTA JAMBI',	'2023-03-07 10:24:16',	'2023-03-07 10:24:16'),
(98,	1572,	15,	' KOTA SUNGAI PENUH',	'2023-03-07 10:24:16',	'2023-03-07 10:24:16'),
(99,	1601,	16,	' KABUPATEN OGAN KOMERING ULU',	'2023-03-07 10:24:16',	'2023-03-07 10:24:16'),
(100,	1602,	16,	' KABUPATEN OGAN KOMERING ILIR',	'2023-03-07 10:24:16',	'2023-03-07 10:24:16'),
(101,	1603,	16,	' KABUPATEN MUARA ENIM',	'2023-03-07 10:24:16',	'2023-03-07 10:24:16'),
(102,	1604,	16,	' KABUPATEN LAHAT',	'2023-03-07 10:24:16',	'2023-03-07 10:24:16'),
(103,	1605,	16,	' KABUPATEN MUSI RAWAS',	'2023-03-07 10:24:16',	'2023-03-07 10:24:16'),
(104,	1606,	16,	' KABUPATEN MUSI BANYUASIN',	'2023-03-07 10:24:16',	'2023-03-07 10:24:16'),
(105,	1607,	16,	' KABUPATEN BANYU ASIN',	'2023-03-07 10:24:16',	'2023-03-07 10:24:16'),
(106,	1608,	16,	' KABUPATEN OGAN KOMERING ULU SELATAN',	'2023-03-07 10:24:16',	'2023-03-07 10:24:16'),
(107,	1609,	16,	' KABUPATEN OGAN KOMERING ULU TIMUR',	'2023-03-07 10:24:16',	'2023-03-07 10:24:16'),
(108,	1610,	16,	' KABUPATEN OGAN ILIR',	'2023-03-07 10:24:16',	'2023-03-07 10:24:16'),
(109,	1611,	16,	' KABUPATEN EMPAT LAWANG',	'2023-03-07 10:24:16',	'2023-03-07 10:24:16'),
(110,	1612,	16,	' KABUPATEN PENUKAL ABAB LEMATANG ILIR',	'2023-03-07 10:24:16',	'2023-03-07 10:24:16'),
(111,	1613,	16,	' KABUPATEN MUSI RAWAS UTARA',	'2023-03-07 10:24:16',	'2023-03-07 10:24:16'),
(112,	1671,	16,	' KOTA PALEMBANG',	'2023-03-07 10:24:16',	'2023-03-07 10:24:16'),
(113,	1672,	16,	' KOTA PRABUMULIH',	'2023-03-07 10:24:16',	'2023-03-07 10:24:16'),
(114,	1673,	16,	' KOTA PAGAR ALAM',	'2023-03-07 10:24:16',	'2023-03-07 10:24:16'),
(115,	1674,	16,	' KOTA LUBUKLINGGAU',	'2023-03-07 10:24:16',	'2023-03-07 10:24:16'),
(116,	1701,	17,	' KABUPATEN BENGKULU SELATAN',	'2023-03-07 10:24:16',	'2023-03-07 10:24:16'),
(117,	1702,	17,	' KABUPATEN REJANG LEBONG',	'2023-03-07 10:24:16',	'2023-03-07 10:24:16'),
(118,	1703,	17,	' KABUPATEN BENGKULU UTARA',	'2023-03-07 10:24:16',	'2023-03-07 10:24:16'),
(119,	1704,	17,	' KABUPATEN KAUR',	'2023-03-07 10:24:16',	'2023-03-07 10:24:16'),
(120,	1705,	17,	' KABUPATEN SELUMA',	'2023-03-07 10:24:16',	'2023-03-07 10:24:16'),
(121,	1706,	17,	' KABUPATEN MUKOMUKO',	'2023-03-07 10:24:16',	'2023-03-07 10:24:16'),
(122,	1707,	17,	' KABUPATEN LEBONG',	'2023-03-07 10:24:16',	'2023-03-07 10:24:16'),
(123,	1708,	17,	' KABUPATEN KEPAHIANG',	'2023-03-07 10:24:16',	'2023-03-07 10:24:16'),
(124,	1709,	17,	' KABUPATEN BENGKULU TENGAH',	'2023-03-07 10:24:16',	'2023-03-07 10:24:16'),
(125,	1771,	17,	' KOTA BENGKULU',	'2023-03-07 10:24:16',	'2023-03-07 10:24:16'),
(126,	1801,	18,	' KABUPATEN LAMPUNG BARAT',	'2023-03-07 10:24:16',	'2023-03-07 10:24:16'),
(127,	1802,	18,	' KABUPATEN TANGGAMUS',	'2023-03-07 10:24:16',	'2023-03-07 10:24:16'),
(128,	1803,	18,	' KABUPATEN LAMPUNG SELATAN',	'2023-03-07 10:24:16',	'2023-03-07 10:24:16'),
(129,	1804,	18,	' KABUPATEN LAMPUNG TIMUR',	'2023-03-07 10:24:16',	'2023-03-07 10:24:16'),
(130,	1805,	18,	' KABUPATEN LAMPUNG TENGAH',	'2023-03-07 10:24:16',	'2023-03-07 10:24:16'),
(131,	1806,	18,	' KABUPATEN LAMPUNG UTARA',	'2023-03-07 10:24:16',	'2023-03-07 10:24:16'),
(132,	1807,	18,	' KABUPATEN WAY KANAN',	'2023-03-07 10:24:16',	'2023-03-07 10:24:16'),
(133,	1808,	18,	' KABUPATEN TULANGBAWANG',	'2023-03-07 10:24:16',	'2023-03-07 10:24:16'),
(134,	1809,	18,	' KABUPATEN PESAWARAN',	'2023-03-07 10:24:16',	'2023-03-07 10:24:16'),
(135,	1810,	18,	' KABUPATEN PRINGSEWU',	'2023-03-07 10:24:16',	'2023-03-07 10:24:16'),
(136,	1811,	18,	' KABUPATEN MESUJI',	'2023-03-07 10:24:16',	'2023-03-07 10:24:16'),
(137,	1812,	18,	' KABUPATEN TULANG BAWANG BARAT',	'2023-03-07 10:24:16',	'2023-03-07 10:24:16'),
(138,	1813,	18,	' KABUPATEN PESISIR BARAT',	'2023-03-07 10:24:16',	'2023-03-07 10:24:16'),
(139,	1871,	18,	' KOTA BANDAR LAMPUNG',	'2023-03-07 10:24:16',	'2023-03-07 10:24:16'),
(140,	1872,	18,	' KOTA METRO',	'2023-03-07 10:24:16',	'2023-03-07 10:24:16'),
(141,	1901,	19,	' KABUPATEN BANGKA',	'2023-03-07 10:24:16',	'2023-03-07 10:24:16'),
(142,	1902,	19,	' KABUPATEN BELITUNG',	'2023-03-07 10:24:16',	'2023-03-07 10:24:16'),
(143,	1903,	19,	' KABUPATEN BANGKA BARAT',	'2023-03-07 10:24:16',	'2023-03-07 10:24:16'),
(144,	1904,	19,	' KABUPATEN BANGKA TENGAH',	'2023-03-07 10:24:16',	'2023-03-07 10:24:16'),
(145,	1905,	19,	' KABUPATEN BANGKA SELATAN',	'2023-03-07 10:24:16',	'2023-03-07 10:24:16'),
(146,	1906,	19,	' KABUPATEN BELITUNG TIMUR',	'2023-03-07 10:24:16',	'2023-03-07 10:24:16'),
(147,	1971,	19,	' KOTA PANGKAL PINANG',	'2023-03-07 10:24:17',	'2023-03-07 10:24:17'),
(148,	2101,	21,	' KABUPATEN KARIMUN',	'2023-03-07 10:24:17',	'2023-03-07 10:24:17'),
(149,	2102,	21,	' KABUPATEN BINTAN',	'2023-03-07 10:24:17',	'2023-03-07 10:24:17'),
(150,	2103,	21,	' KABUPATEN NATUNA',	'2023-03-07 10:24:17',	'2023-03-07 10:24:17'),
(151,	2104,	21,	' KABUPATEN LINGGA',	'2023-03-07 10:24:17',	'2023-03-07 10:24:17'),
(152,	2105,	21,	' KABUPATEN KEPULAUAN ANAMBAS',	'2023-03-07 10:24:17',	'2023-03-07 10:24:17'),
(153,	2171,	21,	' KOTA B A T A M',	'2023-03-07 10:24:17',	'2023-03-07 10:24:17'),
(154,	2172,	21,	' KOTA TANJUNG PINANG',	'2023-03-07 10:24:17',	'2023-03-07 10:24:17'),
(155,	3101,	31,	' KABUPATEN KEPULAUAN SERIBU',	'2023-03-07 10:24:17',	'2023-03-07 10:24:17'),
(156,	3171,	31,	' KOTA JAKARTA SELATAN',	'2023-03-07 10:24:17',	'2023-03-07 10:24:17'),
(157,	3172,	31,	' KOTA JAKARTA TIMUR',	'2023-03-07 10:24:17',	'2023-03-07 10:24:17'),
(158,	3173,	31,	' KOTA JAKARTA PUSAT',	'2023-03-07 10:24:17',	'2023-03-07 10:24:17'),
(159,	3174,	31,	' KOTA JAKARTA BARAT',	'2023-03-07 10:24:17',	'2023-03-07 10:24:17'),
(160,	3175,	31,	' KOTA JAKARTA UTARA',	'2023-03-07 10:24:17',	'2023-03-07 10:24:17'),
(161,	3201,	32,	' KABUPATEN BOGOR',	'2023-03-07 10:24:17',	'2023-03-07 10:24:17'),
(162,	3202,	32,	' KABUPATEN SUKABUMI',	'2023-03-07 10:24:17',	'2023-03-07 10:24:17'),
(163,	3203,	32,	' KABUPATEN CIANJUR',	'2023-03-07 10:24:17',	'2023-03-07 10:24:17'),
(164,	3204,	32,	' KABUPATEN BANDUNG',	'2023-03-07 10:24:17',	'2023-03-07 10:24:17'),
(165,	3205,	32,	' KABUPATEN GARUT',	'2023-03-07 10:24:17',	'2023-03-07 10:24:17'),
(166,	3206,	32,	' KABUPATEN TASIKMALAYA',	'2023-03-07 10:24:17',	'2023-03-07 10:24:17'),
(167,	3207,	32,	' KABUPATEN CIAMIS',	'2023-03-07 10:24:17',	'2023-03-07 10:24:17'),
(168,	3208,	32,	' KABUPATEN KUNINGAN',	'2023-03-07 10:24:17',	'2023-03-07 10:24:17'),
(169,	3209,	32,	' KABUPATEN CIREBON',	'2023-03-07 10:24:17',	'2023-03-07 10:24:17'),
(170,	3210,	32,	' KABUPATEN MAJALENGKA',	'2023-03-07 10:24:17',	'2023-03-07 10:24:17'),
(171,	3211,	32,	' KABUPATEN SUMEDANG',	'2023-03-07 10:24:17',	'2023-03-07 10:24:17'),
(172,	3212,	32,	' KABUPATEN INDRAMAYU',	'2023-03-07 10:24:17',	'2023-03-07 10:24:17'),
(173,	3213,	32,	' KABUPATEN SUBANG',	'2023-03-07 10:24:17',	'2023-03-07 10:24:17'),
(174,	3214,	32,	' KABUPATEN PURWAKARTA',	'2023-03-07 10:24:17',	'2023-03-07 10:24:17'),
(175,	3215,	32,	' KABUPATEN KARAWANG',	'2023-03-07 10:24:17',	'2023-03-07 10:24:17'),
(176,	3216,	32,	' KABUPATEN BEKASI',	'2023-03-07 10:24:17',	'2023-03-07 10:24:17'),
(177,	3217,	32,	' KABUPATEN BANDUNG BARAT',	'2023-03-07 10:24:17',	'2023-03-07 10:24:17'),
(178,	3218,	32,	' KABUPATEN PANGANDARAN',	'2023-03-07 10:24:17',	'2023-03-07 10:24:17'),
(179,	3271,	32,	' KOTA BOGOR',	'2023-03-07 10:24:17',	'2023-03-07 10:24:17'),
(180,	3272,	32,	' KOTA SUKABUMI',	'2023-03-07 10:24:17',	'2023-03-07 10:24:17'),
(181,	3273,	32,	' KOTA BANDUNG',	'2023-03-07 10:24:17',	'2023-03-07 10:24:17'),
(182,	3274,	32,	' KOTA CIREBON',	'2023-03-07 10:24:17',	'2023-03-07 10:24:17'),
(183,	3275,	32,	' KOTA BEKASI',	'2023-03-07 10:24:17',	'2023-03-07 10:24:17'),
(184,	3276,	32,	' KOTA DEPOK',	'2023-03-07 10:24:17',	'2023-03-07 10:24:17'),
(185,	3277,	32,	' KOTA CIMAHI',	'2023-03-07 10:24:17',	'2023-03-07 10:24:17'),
(186,	3278,	32,	' KOTA TASIKMALAYA',	'2023-03-07 10:24:17',	'2023-03-07 10:24:17'),
(187,	3279,	32,	' KOTA BANJAR',	'2023-03-07 10:24:17',	'2023-03-07 10:24:17'),
(188,	3301,	33,	' KABUPATEN CILACAP',	'2023-03-07 10:24:17',	'2023-03-07 10:24:17'),
(189,	3302,	33,	' KABUPATEN BANYUMAS',	'2023-03-07 10:24:17',	'2023-03-07 10:24:17'),
(190,	3303,	33,	' KABUPATEN PURBALINGGA',	'2023-03-07 10:24:17',	'2023-03-07 10:24:17'),
(191,	3304,	33,	' KABUPATEN BANJARNEGARA',	'2023-03-07 10:24:17',	'2023-03-07 10:24:17'),
(192,	3305,	33,	' KABUPATEN KEBUMEN',	'2023-03-07 10:24:17',	'2023-03-07 10:24:17'),
(193,	3306,	33,	' KABUPATEN PURWOREJO',	'2023-03-07 10:24:17',	'2023-03-07 10:24:17'),
(194,	3307,	33,	' KABUPATEN WONOSOBO',	'2023-03-07 10:24:17',	'2023-03-07 10:24:17'),
(195,	3308,	33,	' KABUPATEN MAGELANG',	'2023-03-07 10:24:17',	'2023-03-07 10:24:17'),
(196,	3309,	33,	' KABUPATEN BOYOLALI',	'2023-03-07 10:24:17',	'2023-03-07 10:24:17'),
(197,	3310,	33,	' KABUPATEN KLATEN',	'2023-03-07 10:24:17',	'2023-03-07 10:24:17'),
(198,	3311,	33,	' KABUPATEN SUKOHARJO',	'2023-03-07 10:24:17',	'2023-03-07 10:24:17'),
(199,	3312,	33,	' KABUPATEN WONOGIRI',	'2023-03-07 10:24:17',	'2023-03-07 10:24:17'),
(200,	3313,	33,	' KABUPATEN KARANGANYAR',	'2023-03-07 10:24:17',	'2023-03-07 10:24:17'),
(201,	3314,	33,	' KABUPATEN SRAGEN',	'2023-03-07 10:24:17',	'2023-03-07 10:24:17'),
(202,	3315,	33,	' KABUPATEN GROBOGAN',	'2023-03-07 10:24:17',	'2023-03-07 10:24:17'),
(203,	3316,	33,	' KABUPATEN BLORA',	'2023-03-07 10:24:17',	'2023-03-07 10:24:17'),
(204,	3317,	33,	' KABUPATEN REMBANG',	'2023-03-07 10:24:17',	'2023-03-07 10:24:17'),
(205,	3318,	33,	' KABUPATEN PATI',	'2023-03-07 10:24:17',	'2023-03-07 10:24:17'),
(206,	3319,	33,	' KABUPATEN KUDUS',	'2023-03-07 10:24:17',	'2023-03-07 10:24:17'),
(207,	3320,	33,	' KABUPATEN JEPARA',	'2023-03-07 10:24:17',	'2023-03-07 10:24:17'),
(208,	3321,	33,	' KABUPATEN DEMAK',	'2023-03-07 10:24:17',	'2023-03-07 10:24:17'),
(209,	3322,	33,	' KABUPATEN SEMARANG',	'2023-03-07 10:24:17',	'2023-03-07 10:24:17'),
(210,	3323,	33,	' KABUPATEN TEMANGGUNG',	'2023-03-07 10:24:17',	'2023-03-07 10:24:17'),
(211,	3324,	33,	' KABUPATEN KENDAL',	'2023-03-07 10:24:17',	'2023-03-07 10:24:17'),
(212,	3325,	33,	' KABUPATEN BATANG',	'2023-03-07 10:24:17',	'2023-03-07 10:24:17'),
(213,	3326,	33,	' KABUPATEN PEKALONGAN',	'2023-03-07 10:24:17',	'2023-03-07 10:24:17'),
(214,	3327,	33,	' KABUPATEN PEMALANG',	'2023-03-07 10:24:17',	'2023-03-07 10:24:17'),
(215,	3328,	33,	' KABUPATEN TEGAL',	'2023-03-07 10:24:17',	'2023-03-07 10:24:17'),
(216,	3329,	33,	' KABUPATEN BREBES',	'2023-03-07 10:24:17',	'2023-03-07 10:24:17'),
(217,	3371,	33,	' KOTA MAGELANG',	'2023-03-07 10:24:17',	'2023-03-07 10:24:17'),
(218,	3372,	33,	' KOTA SURAKARTA',	'2023-03-07 10:24:17',	'2023-03-07 10:24:17'),
(219,	3373,	33,	' KOTA SALATIGA',	'2023-03-07 10:24:17',	'2023-03-07 10:24:17'),
(220,	3374,	33,	' KOTA SEMARANG',	'2023-03-07 10:24:17',	'2023-03-07 10:24:17'),
(221,	3375,	33,	' KOTA PEKALONGAN',	'2023-03-07 10:24:17',	'2023-03-07 10:24:17'),
(222,	3376,	33,	' KOTA TEGAL',	'2023-03-07 10:24:17',	'2023-03-07 10:24:17'),
(223,	3401,	34,	' KABUPATEN KULON PROGO',	'2023-03-07 10:24:17',	'2023-03-07 10:24:17'),
(224,	3402,	34,	' KABUPATEN BANTUL',	'2023-03-07 10:24:17',	'2023-03-07 10:24:17'),
(225,	3403,	34,	' KABUPATEN GUNUNG KIDUL',	'2023-03-07 10:24:17',	'2023-03-07 10:24:17'),
(226,	3404,	34,	' KABUPATEN SLEMAN',	'2023-03-07 10:24:17',	'2023-03-07 10:24:17'),
(227,	3471,	34,	' KOTA YOGYAKARTA',	'2023-03-07 10:24:17',	'2023-03-07 10:24:17'),
(228,	3501,	35,	' KABUPATEN PACITAN',	'2023-03-07 10:24:18',	'2023-03-07 10:24:18'),
(229,	3502,	35,	' KABUPATEN PONOROGO',	'2023-03-07 10:24:18',	'2023-03-07 10:24:18'),
(230,	3503,	35,	' KABUPATEN TRENGGALEK',	'2023-03-07 10:24:18',	'2023-03-07 10:24:18'),
(231,	3504,	35,	' KABUPATEN TULUNGAGUNG',	'2023-03-07 10:24:18',	'2023-03-07 10:24:18'),
(232,	3505,	35,	' KABUPATEN BLITAR',	'2023-03-07 10:24:18',	'2023-03-07 10:24:18'),
(233,	3506,	35,	' KABUPATEN KEDIRI',	'2023-03-07 10:24:18',	'2023-03-07 10:24:18'),
(234,	3507,	35,	' KABUPATEN MALANG',	'2023-03-07 10:24:18',	'2023-03-07 10:24:18'),
(235,	3508,	35,	' KABUPATEN LUMAJANG',	'2023-03-07 10:24:18',	'2023-03-07 10:24:18'),
(236,	3509,	35,	' KABUPATEN JEMBER',	'2023-03-07 10:24:18',	'2023-03-07 10:24:18'),
(237,	3510,	35,	' KABUPATEN BANYUWANGI',	'2023-03-07 10:24:18',	'2023-03-07 10:24:18'),
(238,	3511,	35,	' KABUPATEN BONDOWOSO',	'2023-03-07 10:24:18',	'2023-03-07 10:24:18'),
(239,	3512,	35,	' KABUPATEN SITUBONDO',	'2023-03-07 10:24:18',	'2023-03-07 10:24:18'),
(240,	3513,	35,	' KABUPATEN PROBOLINGGO',	'2023-03-07 10:24:18',	'2023-03-07 10:24:18'),
(241,	3514,	35,	' KABUPATEN PASURUAN',	'2023-03-07 10:24:18',	'2023-03-07 10:24:18'),
(242,	3515,	35,	' KABUPATEN SIDOARJO',	'2023-03-07 10:24:18',	'2023-03-07 10:24:18'),
(243,	3516,	35,	' KABUPATEN MOJOKERTO',	'2023-03-07 10:24:18',	'2023-03-07 10:24:18'),
(244,	3517,	35,	' KABUPATEN JOMBANG',	'2023-03-07 10:24:18',	'2023-03-07 10:24:18'),
(245,	3518,	35,	' KABUPATEN NGANJUK',	'2023-03-07 10:24:18',	'2023-03-07 10:24:18'),
(246,	3519,	35,	' KABUPATEN MADIUN',	'2023-03-07 10:24:18',	'2023-03-07 10:24:18'),
(247,	3520,	35,	' KABUPATEN MAGETAN',	'2023-03-07 10:24:18',	'2023-03-07 10:24:18'),
(248,	3521,	35,	' KABUPATEN NGAWI',	'2023-03-07 10:24:18',	'2023-03-07 10:24:18'),
(249,	3522,	35,	' KABUPATEN BOJONEGORO',	'2023-03-07 10:24:18',	'2023-03-07 10:24:18'),
(250,	3523,	35,	' KABUPATEN TUBAN',	'2023-03-07 10:24:18',	'2023-03-07 10:24:18'),
(251,	3524,	35,	' KABUPATEN LAMONGAN',	'2023-03-07 10:24:18',	'2023-03-07 10:24:18'),
(252,	3525,	35,	' KABUPATEN GRESIK',	'2023-03-07 10:24:18',	'2023-03-07 10:24:18'),
(253,	3526,	35,	' KABUPATEN BANGKALAN',	'2023-03-07 10:24:18',	'2023-03-07 10:24:18'),
(254,	3527,	35,	' KABUPATEN SAMPANG',	'2023-03-07 10:24:18',	'2023-03-07 10:24:18'),
(255,	3528,	35,	' KABUPATEN PAMEKASAN',	'2023-03-07 10:24:18',	'2023-03-07 10:24:18'),
(256,	3529,	35,	' KABUPATEN SUMENEP',	'2023-03-07 10:24:18',	'2023-03-07 10:24:18'),
(257,	3571,	35,	' KOTA KEDIRI',	'2023-03-07 10:24:18',	'2023-03-07 10:24:18'),
(258,	3572,	35,	' KOTA BLITAR',	'2023-03-07 10:24:18',	'2023-03-07 10:24:18'),
(259,	3573,	35,	' KOTA MALANG',	'2023-03-07 10:24:18',	'2023-03-07 10:24:18'),
(260,	3574,	35,	' KOTA PROBOLINGGO',	'2023-03-07 10:24:18',	'2023-03-07 10:24:18'),
(261,	3575,	35,	' KOTA PASURUAN',	'2023-03-07 10:24:18',	'2023-03-07 10:24:18'),
(262,	3576,	35,	' KOTA MOJOKERTO',	'2023-03-07 10:24:18',	'2023-03-07 10:24:18'),
(263,	3577,	35,	' KOTA MADIUN',	'2023-03-07 10:24:18',	'2023-03-07 10:24:18'),
(264,	3578,	35,	' KOTA SURABAYA',	'2023-03-07 10:24:18',	'2023-03-07 10:24:18'),
(265,	3579,	35,	' KOTA BATU',	'2023-03-07 10:24:18',	'2023-03-07 10:24:18'),
(266,	3601,	36,	' KABUPATEN PANDEGLANG',	'2023-03-07 10:24:18',	'2023-03-07 10:24:18'),
(267,	3602,	36,	' KABUPATEN LEBAK',	'2023-03-07 10:24:18',	'2023-03-07 10:24:18'),
(268,	3603,	36,	' KABUPATEN TANGERANG',	'2023-03-07 10:24:18',	'2023-03-07 10:24:18'),
(269,	3604,	36,	' KABUPATEN SERANG',	'2023-03-07 10:24:18',	'2023-03-07 10:24:18'),
(270,	3671,	36,	' KOTA TANGERANG',	'2023-03-07 10:24:18',	'2023-03-07 10:24:18'),
(271,	3672,	36,	' KOTA CILEGON',	'2023-03-07 10:24:18',	'2023-03-07 10:24:18'),
(272,	3673,	36,	' KOTA SERANG',	'2023-03-07 10:24:18',	'2023-03-07 10:24:18'),
(273,	3674,	36,	' KOTA TANGERANG SELATAN',	'2023-03-07 10:24:18',	'2023-03-07 10:24:18'),
(274,	5101,	51,	' KABUPATEN JEMBRANA',	'2023-03-07 10:24:18',	'2023-03-07 10:24:18'),
(275,	5102,	51,	' KABUPATEN TABANAN',	'2023-03-07 10:24:18',	'2023-03-07 10:24:18'),
(276,	5103,	51,	' KABUPATEN BADUNG',	'2023-03-07 10:24:18',	'2023-03-07 10:24:18'),
(277,	5104,	51,	' KABUPATEN GIANYAR',	'2023-03-07 10:24:18',	'2023-03-07 10:24:18'),
(278,	5105,	51,	' KABUPATEN KLUNGKUNG',	'2023-03-07 10:24:18',	'2023-03-07 10:24:18'),
(279,	5106,	51,	' KABUPATEN BANGLI',	'2023-03-07 10:24:18',	'2023-03-07 10:24:18'),
(280,	5107,	51,	' KABUPATEN KARANG ASEM',	'2023-03-07 10:24:18',	'2023-03-07 10:24:18'),
(281,	5108,	51,	' KABUPATEN BULELENG',	'2023-03-07 10:24:18',	'2023-03-07 10:24:18'),
(282,	5171,	51,	' KOTA DENPASAR',	'2023-03-07 10:24:18',	'2023-03-07 10:24:18'),
(283,	5201,	52,	' KABUPATEN LOMBOK BARAT',	'2023-03-07 10:24:18',	'2023-03-07 10:24:18'),
(284,	5202,	52,	' KABUPATEN LOMBOK TENGAH',	'2023-03-07 10:24:18',	'2023-03-07 10:24:18'),
(285,	5203,	52,	' KABUPATEN LOMBOK TIMUR',	'2023-03-07 10:24:18',	'2023-03-07 10:24:18'),
(286,	5204,	52,	' KABUPATEN SUMBAWA',	'2023-03-07 10:24:18',	'2023-03-07 10:24:18'),
(287,	5205,	52,	' KABUPATEN DOMPU',	'2023-03-07 10:24:18',	'2023-03-07 10:24:18'),
(288,	5206,	52,	' KABUPATEN BIMA',	'2023-03-07 10:24:18',	'2023-03-07 10:24:18'),
(289,	5207,	52,	' KABUPATEN SUMBAWA BARAT',	'2023-03-07 10:24:18',	'2023-03-07 10:24:18'),
(290,	5208,	52,	' KABUPATEN LOMBOK UTARA',	'2023-03-07 10:24:18',	'2023-03-07 10:24:18'),
(291,	5271,	52,	' KOTA MATARAM',	'2023-03-07 10:24:18',	'2023-03-07 10:24:18'),
(292,	5272,	52,	' KOTA BIMA',	'2023-03-07 10:24:18',	'2023-03-07 10:24:18'),
(293,	5301,	53,	' KABUPATEN SUMBA BARAT',	'2023-03-07 10:24:18',	'2023-03-07 10:24:18'),
(294,	5302,	53,	' KABUPATEN SUMBA TIMUR',	'2023-03-07 10:24:18',	'2023-03-07 10:24:18'),
(295,	5303,	53,	' KABUPATEN KUPANG',	'2023-03-07 10:24:19',	'2023-03-07 10:24:19'),
(296,	5304,	53,	' KABUPATEN TIMOR TENGAH SELATAN',	'2023-03-07 10:24:19',	'2023-03-07 10:24:19'),
(297,	5305,	53,	' KABUPATEN TIMOR TENGAH UTARA',	'2023-03-07 10:24:19',	'2023-03-07 10:24:19'),
(298,	5306,	53,	' KABUPATEN BELU',	'2023-03-07 10:24:19',	'2023-03-07 10:24:19'),
(299,	5307,	53,	' KABUPATEN ALOR',	'2023-03-07 10:24:19',	'2023-03-07 10:24:19'),
(300,	5308,	53,	' KABUPATEN LEMBATA',	'2023-03-07 10:24:19',	'2023-03-07 10:24:19'),
(301,	5309,	53,	' KABUPATEN FLORES TIMUR',	'2023-03-07 10:24:19',	'2023-03-07 10:24:19'),
(302,	5310,	53,	' KABUPATEN SIKKA',	'2023-03-07 10:24:19',	'2023-03-07 10:24:19'),
(303,	5311,	53,	' KABUPATEN ENDE',	'2023-03-07 10:24:19',	'2023-03-07 10:24:19'),
(304,	5312,	53,	' KABUPATEN NGADA',	'2023-03-07 10:24:19',	'2023-03-07 10:24:19'),
(305,	5313,	53,	' KABUPATEN MANGGARAI',	'2023-03-07 10:24:19',	'2023-03-07 10:24:19'),
(306,	5314,	53,	' KABUPATEN ROTE NDAO',	'2023-03-07 10:24:19',	'2023-03-07 10:24:19'),
(307,	5315,	53,	' KABUPATEN MANGGARAI BARAT',	'2023-03-07 10:24:19',	'2023-03-07 10:24:19'),
(308,	5316,	53,	' KABUPATEN SUMBA TENGAH',	'2023-03-07 10:24:19',	'2023-03-07 10:24:19'),
(309,	5317,	53,	' KABUPATEN SUMBA BARAT DAYA',	'2023-03-07 10:24:19',	'2023-03-07 10:24:19'),
(310,	5318,	53,	' KABUPATEN NAGEKEO',	'2023-03-07 10:24:19',	'2023-03-07 10:24:19'),
(311,	5319,	53,	' KABUPATEN MANGGARAI TIMUR',	'2023-03-07 10:24:19',	'2023-03-07 10:24:19'),
(312,	5320,	53,	' KABUPATEN SABU RAIJUA',	'2023-03-07 10:24:19',	'2023-03-07 10:24:19'),
(313,	5321,	53,	' KABUPATEN MALAKA',	'2023-03-07 10:24:19',	'2023-03-07 10:24:19'),
(314,	5371,	53,	' KOTA KUPANG',	'2023-03-07 10:24:19',	'2023-03-07 10:24:19'),
(315,	6101,	61,	' KABUPATEN SAMBAS',	'2023-03-07 10:24:19',	'2023-03-07 10:24:19'),
(316,	6102,	61,	' KABUPATEN BENGKAYANG',	'2023-03-07 10:24:19',	'2023-03-07 10:24:19'),
(317,	6103,	61,	' KABUPATEN LANDAK',	'2023-03-07 10:24:19',	'2023-03-07 10:24:19'),
(318,	6104,	61,	' KABUPATEN MEMPAWAH',	'2023-03-07 10:24:19',	'2023-03-07 10:24:19'),
(319,	6105,	61,	' KABUPATEN SANGGAU',	'2023-03-07 10:24:19',	'2023-03-07 10:24:19'),
(320,	6106,	61,	' KABUPATEN KETAPANG',	'2023-03-07 10:24:19',	'2023-03-07 10:24:19'),
(321,	6107,	61,	' KABUPATEN SINTANG',	'2023-03-07 10:24:19',	'2023-03-07 10:24:19'),
(322,	6108,	61,	' KABUPATEN KAPUAS HULU',	'2023-03-07 10:24:19',	'2023-03-07 10:24:19'),
(323,	6109,	61,	' KABUPATEN SEKADAU',	'2023-03-07 10:24:19',	'2023-03-07 10:24:19'),
(324,	6110,	61,	' KABUPATEN MELAWI',	'2023-03-07 10:24:19',	'2023-03-07 10:24:19'),
(325,	6111,	61,	' KABUPATEN KAYONG UTARA',	'2023-03-07 10:24:19',	'2023-03-07 10:24:19'),
(326,	6112,	61,	' KABUPATEN KUBU RAYA',	'2023-03-07 10:24:19',	'2023-03-07 10:24:19'),
(327,	6171,	61,	' KOTA PONTIANAK',	'2023-03-07 10:24:19',	'2023-03-07 10:24:19'),
(328,	6172,	61,	' KOTA SINGKAWANG',	'2023-03-07 10:24:19',	'2023-03-07 10:24:19'),
(329,	6201,	62,	' KABUPATEN KOTAWARINGIN BARAT',	'2023-03-07 10:24:19',	'2023-03-07 10:24:19'),
(330,	6202,	62,	' KABUPATEN KOTAWARINGIN TIMUR',	'2023-03-07 10:24:19',	'2023-03-07 10:24:19'),
(331,	6203,	62,	' KABUPATEN KAPUAS',	'2023-03-07 10:24:19',	'2023-03-07 10:24:19'),
(332,	6204,	62,	' KABUPATEN BARITO SELATAN',	'2023-03-07 10:24:19',	'2023-03-07 10:24:19'),
(333,	6205,	62,	' KABUPATEN BARITO UTARA',	'2023-03-07 10:24:19',	'2023-03-07 10:24:19'),
(334,	6206,	62,	' KABUPATEN SUKAMARA',	'2023-03-07 10:24:19',	'2023-03-07 10:24:19'),
(335,	6207,	62,	' KABUPATEN LAMANDAU',	'2023-03-07 10:24:19',	'2023-03-07 10:24:19'),
(336,	6208,	62,	' KABUPATEN SERUYAN',	'2023-03-07 10:24:19',	'2023-03-07 10:24:19'),
(337,	6209,	62,	' KABUPATEN KATINGAN',	'2023-03-07 10:24:19',	'2023-03-07 10:24:19'),
(338,	6210,	62,	' KABUPATEN PULANG PISAU',	'2023-03-07 10:24:19',	'2023-03-07 10:24:19'),
(339,	6211,	62,	' KABUPATEN GUNUNG MAS',	'2023-03-07 10:24:19',	'2023-03-07 10:24:19'),
(340,	6212,	62,	' KABUPATEN BARITO TIMUR',	'2023-03-07 10:24:19',	'2023-03-07 10:24:19'),
(341,	6213,	62,	' KABUPATEN MURUNG RAYA',	'2023-03-07 10:24:19',	'2023-03-07 10:24:19'),
(342,	6271,	62,	' KOTA PALANGKA RAYA',	'2023-03-07 10:24:19',	'2023-03-07 10:24:19'),
(343,	6301,	63,	' KABUPATEN TANAH LAUT',	'2023-03-07 10:24:19',	'2023-03-07 10:24:19'),
(344,	6302,	63,	' KABUPATEN KOTA BARU',	'2023-03-07 10:24:19',	'2023-03-07 10:24:19'),
(345,	6303,	63,	' KABUPATEN BANJAR',	'2023-03-07 10:24:19',	'2023-03-07 10:24:19'),
(346,	6304,	63,	' KABUPATEN BARITO KUALA',	'2023-03-07 10:24:19',	'2023-03-07 10:24:19'),
(347,	6305,	63,	' KABUPATEN TAPIN',	'2023-03-07 10:24:19',	'2023-03-07 10:24:19'),
(348,	6306,	63,	' KABUPATEN HULU SUNGAI SELATAN',	'2023-03-07 10:24:19',	'2023-03-07 10:24:19'),
(349,	6307,	63,	' KABUPATEN HULU SUNGAI TENGAH',	'2023-03-07 10:24:19',	'2023-03-07 10:24:19'),
(350,	6308,	63,	' KABUPATEN HULU SUNGAI UTARA',	'2023-03-07 10:24:19',	'2023-03-07 10:24:19'),
(351,	6309,	63,	' KABUPATEN TABALONG',	'2023-03-07 10:24:19',	'2023-03-07 10:24:19'),
(352,	6310,	63,	' KABUPATEN TANAH BUMBU',	'2023-03-07 10:24:19',	'2023-03-07 10:24:19'),
(353,	6311,	63,	' KABUPATEN BALANGAN',	'2023-03-07 10:24:19',	'2023-03-07 10:24:19'),
(354,	6371,	63,	' KOTA BANJARMASIN',	'2023-03-07 10:24:19',	'2023-03-07 10:24:19'),
(355,	6372,	63,	' KOTA BANJAR BARU',	'2023-03-07 10:24:19',	'2023-03-07 10:24:19'),
(356,	6401,	64,	' KABUPATEN PASER',	'2023-03-07 10:24:19',	'2023-03-07 10:24:19'),
(357,	6402,	64,	' KABUPATEN KUTAI BARAT',	'2023-03-07 10:24:19',	'2023-03-07 10:24:19'),
(358,	6403,	64,	' KABUPATEN KUTAI KARTANEGARA',	'2023-03-07 10:24:19',	'2023-03-07 10:24:19'),
(359,	6404,	64,	' KABUPATEN KUTAI TIMUR',	'2023-03-07 10:24:19',	'2023-03-07 10:24:19'),
(360,	6405,	64,	' KABUPATEN BERAU',	'2023-03-07 10:24:19',	'2023-03-07 10:24:19'),
(361,	6409,	64,	' KABUPATEN PENAJAM PASER UTARA',	'2023-03-07 10:24:19',	'2023-03-07 10:24:19'),
(362,	6411,	64,	' KABUPATEN MAHAKAM HULU',	'2023-03-07 10:24:19',	'2023-03-07 10:24:19'),
(363,	6471,	64,	' KOTA BALIKPAPAN',	'2023-03-07 10:24:19',	'2023-03-07 10:24:19'),
(364,	6472,	64,	' KOTA SAMARINDA',	'2023-03-07 10:24:19',	'2023-03-07 10:24:19'),
(365,	6474,	64,	' KOTA BONTANG',	'2023-03-07 10:24:19',	'2023-03-07 10:24:19'),
(366,	6501,	65,	' KABUPATEN MALINAU',	'2023-03-07 10:24:19',	'2023-03-07 10:24:19'),
(367,	6502,	65,	' KABUPATEN BULUNGAN',	'2023-03-07 10:24:19',	'2023-03-07 10:24:19'),
(368,	6503,	65,	' KABUPATEN TANA TIDUNG',	'2023-03-07 10:24:19',	'2023-03-07 10:24:19'),
(369,	6504,	65,	' KABUPATEN NUNUKAN',	'2023-03-07 10:24:20',	'2023-03-07 10:24:20'),
(370,	6571,	65,	' KOTA TARAKAN',	'2023-03-07 10:24:20',	'2023-03-07 10:24:20'),
(371,	7101,	71,	' KABUPATEN BOLAANG MONGONDOW',	'2023-03-07 10:24:20',	'2023-03-07 10:24:20'),
(372,	7102,	71,	' KABUPATEN MINAHASA',	'2023-03-07 10:24:20',	'2023-03-07 10:24:20'),
(373,	7103,	71,	' KABUPATEN KEPULAUAN SANGIHE',	'2023-03-07 10:24:20',	'2023-03-07 10:24:20'),
(374,	7104,	71,	' KABUPATEN KEPULAUAN TALAUD',	'2023-03-07 10:24:20',	'2023-03-07 10:24:20'),
(375,	7105,	71,	' KABUPATEN MINAHASA SELATAN',	'2023-03-07 10:24:20',	'2023-03-07 10:24:20'),
(376,	7106,	71,	' KABUPATEN MINAHASA UTARA',	'2023-03-07 10:24:20',	'2023-03-07 10:24:20'),
(377,	7107,	71,	' KABUPATEN BOLAANG MONGONDOW UTARA',	'2023-03-07 10:24:20',	'2023-03-07 10:24:20'),
(378,	7108,	71,	' KABUPATEN SIAU TAGULANDANG BIARO',	'2023-03-07 10:24:20',	'2023-03-07 10:24:20'),
(379,	7109,	71,	' KABUPATEN MINAHASA TENGGARA',	'2023-03-07 10:24:20',	'2023-03-07 10:24:20'),
(380,	7110,	71,	' KABUPATEN BOLAANG MONGONDOW SELATAN',	'2023-03-07 10:24:20',	'2023-03-07 10:24:20'),
(381,	7111,	71,	' KABUPATEN BOLAANG MONGONDOW TIMUR',	'2023-03-07 10:24:20',	'2023-03-07 10:24:20'),
(382,	7171,	71,	' KOTA MANADO',	'2023-03-07 10:24:20',	'2023-03-07 10:24:20'),
(383,	7172,	71,	' KOTA BITUNG',	'2023-03-07 10:24:20',	'2023-03-07 10:24:20'),
(384,	7173,	71,	' KOTA TOMOHON',	'2023-03-07 10:24:20',	'2023-03-07 10:24:20'),
(385,	7174,	71,	' KOTA KOTAMOBAGU',	'2023-03-07 10:24:20',	'2023-03-07 10:24:20'),
(386,	7201,	72,	' KABUPATEN BANGGAI KEPULAUAN',	'2023-03-07 10:24:20',	'2023-03-07 10:24:20'),
(387,	7202,	72,	' KABUPATEN BANGGAI',	'2023-03-07 10:24:20',	'2023-03-07 10:24:20'),
(388,	7203,	72,	' KABUPATEN MOROWALI',	'2023-03-07 10:24:20',	'2023-03-07 10:24:20'),
(389,	7204,	72,	' KABUPATEN POSO',	'2023-03-07 10:24:20',	'2023-03-07 10:24:20'),
(390,	7205,	72,	' KABUPATEN DONGGALA',	'2023-03-07 10:24:20',	'2023-03-07 10:24:20'),
(391,	7206,	72,	' KABUPATEN TOLI-TOLI',	'2023-03-07 10:24:20',	'2023-03-07 10:24:20'),
(392,	7207,	72,	' KABUPATEN BUOL',	'2023-03-07 10:24:20',	'2023-03-07 10:24:20'),
(393,	7208,	72,	' KABUPATEN PARIGI MOUTONG',	'2023-03-07 10:24:20',	'2023-03-07 10:24:20'),
(394,	7209,	72,	' KABUPATEN TOJO UNA-UNA',	'2023-03-07 10:24:20',	'2023-03-07 10:24:20'),
(395,	7210,	72,	' KABUPATEN SIGI',	'2023-03-07 10:24:20',	'2023-03-07 10:24:20'),
(396,	7211,	72,	' KABUPATEN BANGGAI LAUT',	'2023-03-07 10:24:20',	'2023-03-07 10:24:20'),
(397,	7212,	72,	' KABUPATEN MOROWALI UTARA',	'2023-03-07 10:24:20',	'2023-03-07 10:24:20'),
(398,	7271,	72,	' KOTA PALU',	'2023-03-07 10:24:20',	'2023-03-07 10:24:20'),
(399,	7301,	73,	' KABUPATEN KEPULAUAN SELAYAR',	'2023-03-07 10:24:20',	'2023-03-07 10:24:20'),
(400,	7302,	73,	' KABUPATEN BULUKUMBA',	'2023-03-07 10:24:20',	'2023-03-07 10:24:20'),
(401,	7303,	73,	' KABUPATEN BANTAENG',	'2023-03-07 10:24:20',	'2023-03-07 10:24:20'),
(402,	7304,	73,	' KABUPATEN JENEPONTO',	'2023-03-07 10:24:20',	'2023-03-07 10:24:20'),
(403,	7305,	73,	' KABUPATEN TAKALAR',	'2023-03-07 10:24:20',	'2023-03-07 10:24:20'),
(404,	7306,	73,	' KABUPATEN GOWA',	'2023-03-07 10:24:20',	'2023-03-07 10:24:20'),
(405,	7307,	73,	' KABUPATEN SINJAI',	'2023-03-07 10:24:20',	'2023-03-07 10:24:20'),
(406,	7308,	73,	' KABUPATEN MAROS',	'2023-03-07 10:24:20',	'2023-03-07 10:24:20'),
(407,	7309,	73,	' KABUPATEN PANGKAJENE DAN KEPULAUAN',	'2023-03-07 10:24:20',	'2023-03-07 10:24:20'),
(408,	7310,	73,	' KABUPATEN BARRU',	'2023-03-07 10:24:20',	'2023-03-07 10:24:20'),
(409,	7311,	73,	' KABUPATEN BONE',	'2023-03-07 10:24:20',	'2023-03-07 10:24:20'),
(410,	7312,	73,	' KABUPATEN SOPPENG',	'2023-03-07 10:24:20',	'2023-03-07 10:24:20'),
(411,	7313,	73,	' KABUPATEN WAJO',	'2023-03-07 10:24:20',	'2023-03-07 10:24:20'),
(412,	7314,	73,	' KABUPATEN SIDENRENG RAPPANG',	'2023-03-07 10:24:20',	'2023-03-07 10:24:20'),
(413,	7315,	73,	' KABUPATEN PINRANG',	'2023-03-07 10:24:20',	'2023-03-07 10:24:20'),
(414,	7316,	73,	' KABUPATEN ENREKANG',	'2023-03-07 10:24:20',	'2023-03-07 10:24:20'),
(415,	7317,	73,	' KABUPATEN LUWU',	'2023-03-07 10:24:20',	'2023-03-07 10:24:20'),
(416,	7318,	73,	' KABUPATEN TANA TORAJA',	'2023-03-07 10:24:20',	'2023-03-07 10:24:20'),
(417,	7322,	73,	' KABUPATEN LUWU UTARA',	'2023-03-07 10:24:20',	'2023-03-07 10:24:20'),
(418,	7325,	73,	' KABUPATEN LUWU TIMUR',	'2023-03-07 10:24:20',	'2023-03-07 10:24:20'),
(419,	7326,	73,	' KABUPATEN TORAJA UTARA',	'2023-03-07 10:24:20',	'2023-03-07 10:24:20'),
(420,	7371,	73,	' KOTA MAKASSAR',	'2023-03-07 10:24:20',	'2023-03-07 10:24:20'),
(421,	7372,	73,	' KOTA PAREPARE',	'2023-03-07 10:24:20',	'2023-03-07 10:24:20'),
(422,	7373,	73,	' KOTA PALOPO',	'2023-03-07 10:24:20',	'2023-03-07 10:24:20'),
(423,	7401,	74,	' KABUPATEN BUTON',	'2023-03-07 10:24:20',	'2023-03-07 10:24:20'),
(424,	7402,	74,	' KABUPATEN MUNA',	'2023-03-07 10:24:20',	'2023-03-07 10:24:20'),
(425,	7403,	74,	' KABUPATEN KONAWE',	'2023-03-07 10:24:20',	'2023-03-07 10:24:20'),
(426,	7404,	74,	' KABUPATEN KOLAKA',	'2023-03-07 10:24:20',	'2023-03-07 10:24:20'),
(427,	7405,	74,	' KABUPATEN KONAWE SELATAN',	'2023-03-07 10:24:20',	'2023-03-07 10:24:20'),
(428,	7406,	74,	' KABUPATEN BOMBANA',	'2023-03-07 10:24:20',	'2023-03-07 10:24:20'),
(429,	7407,	74,	' KABUPATEN WAKATOBI',	'2023-03-07 10:24:20',	'2023-03-07 10:24:20'),
(430,	7408,	74,	' KABUPATEN KOLAKA UTARA',	'2023-03-07 10:24:20',	'2023-03-07 10:24:20'),
(431,	7409,	74,	' KABUPATEN BUTON UTARA',	'2023-03-07 10:24:20',	'2023-03-07 10:24:20'),
(432,	7410,	74,	' KABUPATEN KONAWE UTARA',	'2023-03-07 10:24:20',	'2023-03-07 10:24:20'),
(433,	7411,	74,	' KABUPATEN KOLAKA TIMUR',	'2023-03-07 10:24:20',	'2023-03-07 10:24:20'),
(434,	7412,	74,	' KABUPATEN KONAWE KEPULAUAN',	'2023-03-07 10:24:20',	'2023-03-07 10:24:20'),
(435,	7413,	74,	' KABUPATEN MUNA BARAT',	'2023-03-07 10:24:20',	'2023-03-07 10:24:20'),
(436,	7414,	74,	' KABUPATEN BUTON TENGAH',	'2023-03-07 10:24:20',	'2023-03-07 10:24:20'),
(437,	7415,	74,	' KABUPATEN BUTON SELATAN',	'2023-03-07 10:24:20',	'2023-03-07 10:24:20'),
(438,	7471,	74,	' KOTA KENDARI',	'2023-03-07 10:24:20',	'2023-03-07 10:24:20'),
(439,	7472,	74,	' KOTA BAUBAU',	'2023-03-07 10:24:20',	'2023-03-07 10:24:20'),
(440,	7501,	75,	' KABUPATEN BOALEMO',	'2023-03-07 10:24:20',	'2023-03-07 10:24:20'),
(441,	7502,	75,	' KABUPATEN GORONTALO',	'2023-03-07 10:24:20',	'2023-03-07 10:24:20'),
(442,	7503,	75,	' KABUPATEN POHUWATO',	'2023-03-07 10:24:20',	'2023-03-07 10:24:20'),
(443,	7504,	75,	' KABUPATEN BONE BOLANGO',	'2023-03-07 10:24:20',	'2023-03-07 10:24:20'),
(444,	7505,	75,	' KABUPATEN GORONTALO UTARA',	'2023-03-07 10:24:20',	'2023-03-07 10:24:20'),
(445,	7571,	75,	' KOTA GORONTALO',	'2023-03-07 10:24:20',	'2023-03-07 10:24:20'),
(446,	7601,	76,	' KABUPATEN MAJENE',	'2023-03-07 10:24:21',	'2023-03-07 10:24:21'),
(447,	7602,	76,	' KABUPATEN POLEWALI MANDAR',	'2023-03-07 10:24:21',	'2023-03-07 10:24:21'),
(448,	7603,	76,	' KABUPATEN MAMASA',	'2023-03-07 10:24:21',	'2023-03-07 10:24:21'),
(449,	7604,	76,	' KABUPATEN MAMUJU',	'2023-03-07 10:24:21',	'2023-03-07 10:24:21'),
(450,	7605,	76,	' KABUPATEN MAMUJU UTARA',	'2023-03-07 10:24:21',	'2023-03-07 10:24:21'),
(451,	7606,	76,	' KABUPATEN MAMUJU TENGAH',	'2023-03-07 10:24:21',	'2023-03-07 10:24:21'),
(452,	8101,	81,	' KABUPATEN MALUKU TENGGARA BARAT',	'2023-03-07 10:24:21',	'2023-03-07 10:24:21'),
(453,	8102,	81,	' KABUPATEN MALUKU TENGGARA',	'2023-03-07 10:24:21',	'2023-03-07 10:24:21'),
(454,	8103,	81,	' KABUPATEN MALUKU TENGAH',	'2023-03-07 10:24:21',	'2023-03-07 10:24:21'),
(455,	8104,	81,	' KABUPATEN BURU',	'2023-03-07 10:24:21',	'2023-03-07 10:24:21'),
(456,	8105,	81,	' KABUPATEN KEPULAUAN ARU',	'2023-03-07 10:24:21',	'2023-03-07 10:24:21'),
(457,	8106,	81,	' KABUPATEN SERAM BAGIAN BARAT',	'2023-03-07 10:24:21',	'2023-03-07 10:24:21'),
(458,	8107,	81,	' KABUPATEN SERAM BAGIAN TIMUR',	'2023-03-07 10:24:21',	'2023-03-07 10:24:21'),
(459,	8108,	81,	' KABUPATEN MALUKU BARAT DAYA',	'2023-03-07 10:24:21',	'2023-03-07 10:24:21'),
(460,	8109,	81,	' KABUPATEN BURU SELATAN',	'2023-03-07 10:24:21',	'2023-03-07 10:24:21'),
(461,	8171,	81,	' KOTA AMBON',	'2023-03-07 10:24:21',	'2023-03-07 10:24:21'),
(462,	8172,	81,	' KOTA TUAL',	'2023-03-07 10:24:21',	'2023-03-07 10:24:21'),
(463,	8201,	82,	' KABUPATEN HALMAHERA BARAT',	'2023-03-07 10:24:21',	'2023-03-07 10:24:21'),
(464,	8202,	82,	' KABUPATEN HALMAHERA TENGAH',	'2023-03-07 10:24:21',	'2023-03-07 10:24:21'),
(465,	8203,	82,	' KABUPATEN KEPULAUAN SULA',	'2023-03-07 10:24:21',	'2023-03-07 10:24:21'),
(466,	8204,	82,	' KABUPATEN HALMAHERA SELATAN',	'2023-03-07 10:24:21',	'2023-03-07 10:24:21'),
(467,	8205,	82,	' KABUPATEN HALMAHERA UTARA',	'2023-03-07 10:24:21',	'2023-03-07 10:24:21'),
(468,	8206,	82,	' KABUPATEN HALMAHERA TIMUR',	'2023-03-07 10:24:21',	'2023-03-07 10:24:21'),
(469,	8207,	82,	' KABUPATEN PULAU MOROTAI',	'2023-03-07 10:24:21',	'2023-03-07 10:24:21'),
(470,	8208,	82,	' KABUPATEN PULAU TALIABU',	'2023-03-07 10:24:21',	'2023-03-07 10:24:21'),
(471,	8271,	82,	' KOTA TERNATE',	'2023-03-07 10:24:21',	'2023-03-07 10:24:21'),
(472,	8272,	82,	' KOTA TIDORE KEPULAUAN',	'2023-03-07 10:24:21',	'2023-03-07 10:24:21'),
(473,	9101,	91,	' KABUPATEN FAKFAK',	'2023-03-07 10:24:21',	'2023-03-07 10:24:21'),
(474,	9102,	91,	' KABUPATEN KAIMANA',	'2023-03-07 10:24:21',	'2023-03-07 10:24:21'),
(475,	9103,	91,	' KABUPATEN TELUK WONDAMA',	'2023-03-07 10:24:21',	'2023-03-07 10:24:21'),
(476,	9104,	91,	' KABUPATEN TELUK BINTUNI',	'2023-03-07 10:24:21',	'2023-03-07 10:24:21'),
(477,	9105,	91,	' KABUPATEN MANOKWARI',	'2023-03-07 10:24:21',	'2023-03-07 10:24:21'),
(478,	9106,	91,	' KABUPATEN SORONG SELATAN',	'2023-03-07 10:24:21',	'2023-03-07 10:24:21'),
(479,	9107,	91,	' KABUPATEN SORONG',	'2023-03-07 10:24:21',	'2023-03-07 10:24:21'),
(480,	9108,	91,	' KABUPATEN RAJA AMPAT',	'2023-03-07 10:24:21',	'2023-03-07 10:24:21'),
(481,	9109,	91,	' KABUPATEN TAMBRAUW',	'2023-03-07 10:24:21',	'2023-03-07 10:24:21'),
(482,	9110,	91,	' KABUPATEN MAYBRAT',	'2023-03-07 10:24:21',	'2023-03-07 10:24:21'),
(483,	9111,	91,	' KABUPATEN MANOKWARI SELATAN',	'2023-03-07 10:24:21',	'2023-03-07 10:24:21'),
(484,	9112,	91,	' KABUPATEN PEGUNUNGAN ARFAK',	'2023-03-07 10:24:21',	'2023-03-07 10:24:21'),
(485,	9171,	91,	' KOTA SORONG',	'2023-03-07 10:24:21',	'2023-03-07 10:24:21'),
(486,	9401,	94,	' KABUPATEN MERAUKE',	'2023-03-07 10:24:21',	'2023-03-07 10:24:21'),
(487,	9402,	94,	' KABUPATEN JAYAWIJAYA',	'2023-03-07 10:24:21',	'2023-03-07 10:24:21'),
(488,	9403,	94,	' KABUPATEN JAYAPURA',	'2023-03-07 10:24:21',	'2023-03-07 10:24:21'),
(489,	9404,	94,	' KABUPATEN NABIRE',	'2023-03-07 10:24:21',	'2023-03-07 10:24:21'),
(490,	9408,	94,	' KABUPATEN KEPULAUAN YAPEN',	'2023-03-07 10:24:21',	'2023-03-07 10:24:21'),
(491,	9409,	94,	' KABUPATEN BIAK NUMFOR',	'2023-03-07 10:24:21',	'2023-03-07 10:24:21'),
(492,	9410,	94,	' KABUPATEN PANIAI',	'2023-03-07 10:24:21',	'2023-03-07 10:24:21'),
(493,	9411,	94,	' KABUPATEN PUNCAK JAYA',	'2023-03-07 10:24:21',	'2023-03-07 10:24:21'),
(494,	9412,	94,	' KABUPATEN MIMIKA',	'2023-03-07 10:24:21',	'2023-03-07 10:24:21'),
(495,	9413,	94,	' KABUPATEN BOVEN DIGOEL',	'2023-03-07 10:24:21',	'2023-03-07 10:24:21'),
(496,	9414,	94,	' KABUPATEN MAPPI',	'2023-03-07 10:24:21',	'2023-03-07 10:24:21'),
(497,	9415,	94,	' KABUPATEN ASMAT',	'2023-03-07 10:24:21',	'2023-03-07 10:24:21'),
(498,	9416,	94,	' KABUPATEN YAHUKIMO',	'2023-03-07 10:24:21',	'2023-03-07 10:24:21'),
(499,	9417,	94,	' KABUPATEN PEGUNUNGAN BINTANG',	'2023-03-07 10:24:21',	'2023-03-07 10:24:21'),
(500,	9418,	94,	' KABUPATEN TOLIKARA',	'2023-03-07 10:24:21',	'2023-03-07 10:24:21'),
(501,	9419,	94,	' KABUPATEN SARMI',	'2023-03-07 10:24:21',	'2023-03-07 10:24:21'),
(502,	9420,	94,	' KABUPATEN KEEROM',	'2023-03-07 10:24:21',	'2023-03-07 10:24:21'),
(503,	9426,	94,	' KABUPATEN WAROPEN',	'2023-03-07 10:24:21',	'2023-03-07 10:24:21'),
(504,	9427,	94,	' KABUPATEN SUPIORI',	'2023-03-07 10:24:21',	'2023-03-07 10:24:21'),
(505,	9428,	94,	' KABUPATEN MAMBERAMO RAYA',	'2023-03-07 10:24:21',	'2023-03-07 10:24:21'),
(506,	9429,	94,	' KABUPATEN NDUGA',	'2023-03-07 10:24:21',	'2023-03-07 10:24:21'),
(507,	9430,	94,	' KABUPATEN LANNY JAYA',	'2023-03-07 10:24:21',	'2023-03-07 10:24:21'),
(508,	9431,	94,	' KABUPATEN MAMBERAMO TENGAH',	'2023-03-07 10:24:21',	'2023-03-07 10:24:21'),
(509,	9432,	94,	' KABUPATEN YALIMO',	'2023-03-07 10:24:21',	'2023-03-07 10:24:21'),
(510,	9433,	94,	' KABUPATEN PUNCAK',	'2023-03-07 10:24:21',	'2023-03-07 10:24:21'),
(511,	9434,	94,	' KABUPATEN DOGIYAI',	'2023-03-07 10:24:21',	'2023-03-07 10:24:21'),
(512,	9435,	94,	' KABUPATEN INTAN JAYA',	'2023-03-07 10:24:21',	'2023-03-07 10:24:21'),
(513,	9436,	94,	' KABUPATEN DEIYAI',	'2023-03-07 10:24:21',	'2023-03-07 10:24:21'),
(514,	9471,	94,	' KOTA JAYAPURA',	'2023-03-07 10:24:21',	'2023-03-07 10:24:21');

DROP TABLE IF EXISTS "roles";
DROP SEQUENCE IF EXISTS roles_id_seq;
CREATE SEQUENCE roles_id_seq INCREMENT 1 MINVALUE 1 MAXVALUE 9223372036854775807 CACHE 1;

CREATE TABLE "public"."roles" (
    "id" bigint DEFAULT nextval('roles_id_seq') NOT NULL,
    "name" character varying(255) NOT NULL,
    "created_at" timestamp(0),
    "updated_at" timestamp(0),
    CONSTRAINT "roles_pkey" PRIMARY KEY ("id")
) WITH (oids = false);


DROP TABLE IF EXISTS "subjects";
DROP SEQUENCE IF EXISTS subjects_id_seq;
CREATE SEQUENCE subjects_id_seq INCREMENT 1 MINVALUE 1 MAXVALUE 9223372036854775807 CACHE 1;

CREATE TABLE "public"."subjects" (
    "id" bigint DEFAULT nextval('subjects_id_seq') NOT NULL,
    "name" character varying(255) NOT NULL,
    "created_at" timestamp(0),
    "updated_at" timestamp(0),
    CONSTRAINT "subjects_pkey" PRIMARY KEY ("id")
) WITH (oids = false);

INSERT INTO "subjects" ("id", "name", "created_at", "updated_at") VALUES
(1,	'id',	'2023-03-07 10:12:55',	'2023-03-07 10:12:55'),
(2,	'sed',	'2023-03-07 10:12:55',	'2023-03-07 10:12:55'),
(3,	'non',	'2023-03-07 10:12:55',	'2023-03-07 10:12:55'),
(4,	'aut',	'2023-03-07 10:12:55',	'2023-03-07 10:12:55'),
(5,	'veritatis',	'2023-03-07 10:12:55',	'2023-03-07 10:12:55'),
(6,	'maiores',	'2023-03-07 10:12:55',	'2023-03-07 10:12:55'),
(7,	'eaque',	'2023-03-07 10:12:55',	'2023-03-07 10:12:55'),
(8,	'tempora',	'2023-03-07 10:12:55',	'2023-03-07 10:12:55'),
(9,	'cumque',	'2023-03-07 10:12:55',	'2023-03-07 10:12:55'),
(10,	'et',	'2023-03-07 10:12:56',	'2023-03-07 10:12:56');

DROP TABLE IF EXISTS "users";
DROP SEQUENCE IF EXISTS users_id_seq;
CREATE SEQUENCE users_id_seq INCREMENT 1 MINVALUE 1 MAXVALUE 9223372036854775807 CACHE 1;

CREATE TABLE "public"."users" (
    "id" bigint DEFAULT nextval('users_id_seq') NOT NULL,
    "name" character varying(255) NOT NULL,
    "email" character varying(255) NOT NULL,
    "password" character varying(255) NOT NULL,
    "publisher_id" bigint,
    "role_id" bigint DEFAULT '3',
    "is_active" boolean DEFAULT false,
    "email_verified_at" timestamp(0),
    "remember_token" character varying(100),
    "created_at" timestamp(0),
    "updated_at" timestamp(0),
    CONSTRAINT "users_email_unique" UNIQUE ("email"),
    CONSTRAINT "users_pkey" PRIMARY KEY ("id")
) WITH (oids = false);

INSERT INTO "users" ("id", "name", "email", "password", "publisher_id", "role_id", "is_active", "email_verified_at", "remember_token", "created_at", "updated_at") VALUES
(1,	'Miss Allene Volkman',	'annamae14@example.com',	'$2y$10$92IXUNpkjO0rOQ5byMi.Ye4oKoEa3Ro9llC/.og/at2.uheWG/igi',	13,	2,	'f',	'2023-03-07 10:12:52',	'1lXIuVj84R',	'2023-03-07 10:12:52',	'2023-03-07 10:12:52'),
(2,	'Julio Cassin',	'nbeahan@example.com',	'$2y$10$92IXUNpkjO0rOQ5byMi.Ye4oKoEa3Ro9llC/.og/at2.uheWG/igi',	37,	2,	'f',	'2023-03-07 10:12:52',	'HlcFqeemAv',	'2023-03-07 10:12:52',	'2023-03-07 10:12:52'),
(3,	'Mr. Neil West',	'lulu53@example.com',	'$2y$10$92IXUNpkjO0rOQ5byMi.Ye4oKoEa3Ro9llC/.og/at2.uheWG/igi',	26,	2,	'f',	'2023-03-07 10:12:52',	'r3ohiRrIxT',	'2023-03-07 10:12:52',	'2023-03-07 10:12:52'),
(4,	'Erik Raynor',	'mccullough.pauline@example.net',	'$2y$10$92IXUNpkjO0rOQ5byMi.Ye4oKoEa3Ro9llC/.og/at2.uheWG/igi',	17,	2,	'f',	'2023-03-07 10:12:52',	'4kfKaZx3w4',	'2023-03-07 10:12:52',	'2023-03-07 10:12:52'),
(5,	'Mable Mitchell Jr.',	'weston.ward@example.com',	'$2y$10$92IXUNpkjO0rOQ5byMi.Ye4oKoEa3Ro9llC/.og/at2.uheWG/igi',	50,	2,	'f',	'2023-03-07 10:12:52',	'UvqrCjVv7t',	'2023-03-07 10:12:52',	'2023-03-07 10:12:52'),
(6,	'Ewell Franecki',	'preichel@example.org',	'$2y$10$92IXUNpkjO0rOQ5byMi.Ye4oKoEa3Ro9llC/.og/at2.uheWG/igi',	31,	2,	'f',	'2023-03-07 10:12:52',	'HEQqyYjPip',	'2023-03-07 10:12:52',	'2023-03-07 10:12:52'),
(7,	'Ignacio Rowe',	'ycasper@example.net',	'$2y$10$92IXUNpkjO0rOQ5byMi.Ye4oKoEa3Ro9llC/.og/at2.uheWG/igi',	7,	2,	'f',	'2023-03-07 10:12:52',	'm1ThC4o8fo',	'2023-03-07 10:12:52',	'2023-03-07 10:12:52'),
(8,	'Carmine Marvin',	'wyman.marion@example.org',	'$2y$10$92IXUNpkjO0rOQ5byMi.Ye4oKoEa3Ro9llC/.og/at2.uheWG/igi',	13,	2,	'f',	'2023-03-07 10:12:52',	'UoagN8RAQZ',	'2023-03-07 10:12:52',	'2023-03-07 10:12:52'),
(9,	'Lester Cruickshank',	'hoppe.jonas@example.org',	'$2y$10$92IXUNpkjO0rOQ5byMi.Ye4oKoEa3Ro9llC/.og/at2.uheWG/igi',	18,	2,	'f',	'2023-03-07 10:12:52',	'9u6nXKRhYg',	'2023-03-07 10:12:52',	'2023-03-07 10:12:52'),
(10,	'Emerald Halvorson',	'megane.stroman@example.org',	'$2y$10$92IXUNpkjO0rOQ5byMi.Ye4oKoEa3Ro9llC/.og/at2.uheWG/igi',	13,	2,	'f',	'2023-03-07 10:12:52',	'7pyvtxRmH4',	'2023-03-07 10:12:52',	'2023-03-07 10:12:52'),
(11,	'Dr. Evie Bauch',	'kristoffer11@example.net',	'$2y$10$92IXUNpkjO0rOQ5byMi.Ye4oKoEa3Ro9llC/.og/at2.uheWG/igi',	32,	2,	'f',	'2023-03-07 10:12:52',	'uSbEfPAJwz',	'2023-03-07 10:12:52',	'2023-03-07 10:12:52'),
(12,	'Ms. Colleen Windler',	'katelyn37@example.com',	'$2y$10$92IXUNpkjO0rOQ5byMi.Ye4oKoEa3Ro9llC/.og/at2.uheWG/igi',	3,	2,	'f',	'2023-03-07 10:12:52',	'pQdiwwENq3',	'2023-03-07 10:12:52',	'2023-03-07 10:12:52'),
(13,	'Serenity Kreiger',	'noble16@example.com',	'$2y$10$92IXUNpkjO0rOQ5byMi.Ye4oKoEa3Ro9llC/.og/at2.uheWG/igi',	12,	2,	'f',	'2023-03-07 10:12:52',	'S3oPMGoW3w',	'2023-03-07 10:12:52',	'2023-03-07 10:12:52'),
(14,	'Gussie Medhurst II',	'lueilwitz.loren@example.com',	'$2y$10$92IXUNpkjO0rOQ5byMi.Ye4oKoEa3Ro9llC/.og/at2.uheWG/igi',	41,	2,	'f',	'2023-03-07 10:12:52',	'mEPsXH7NYA',	'2023-03-07 10:12:52',	'2023-03-07 10:12:52'),
(15,	'Casper Nader',	'gmorar@example.com',	'$2y$10$92IXUNpkjO0rOQ5byMi.Ye4oKoEa3Ro9llC/.og/at2.uheWG/igi',	4,	2,	'f',	'2023-03-07 10:12:52',	'DKjuGUfISt',	'2023-03-07 10:12:52',	'2023-03-07 10:12:52'),
(16,	'Harrison Schultz',	'jermey.lowe@example.org',	'$2y$10$92IXUNpkjO0rOQ5byMi.Ye4oKoEa3Ro9llC/.og/at2.uheWG/igi',	20,	2,	'f',	'2023-03-07 10:12:52',	'iTFjZud3pX',	'2023-03-07 10:12:52',	'2023-03-07 10:12:52'),
(17,	'Deangelo Littel',	'reinger.mortimer@example.org',	'$2y$10$92IXUNpkjO0rOQ5byMi.Ye4oKoEa3Ro9llC/.og/at2.uheWG/igi',	40,	2,	'f',	'2023-03-07 10:12:52',	'xiGDbMufXP',	'2023-03-07 10:12:52',	'2023-03-07 10:12:52'),
(18,	'Janis Thiel',	'marie72@example.org',	'$2y$10$92IXUNpkjO0rOQ5byMi.Ye4oKoEa3Ro9llC/.og/at2.uheWG/igi',	27,	2,	'f',	'2023-03-07 10:12:52',	'OV5WNdrdyP',	'2023-03-07 10:12:52',	'2023-03-07 10:12:52'),
(19,	'Mrs. Rosetta Nolan',	'dejah38@example.com',	'$2y$10$92IXUNpkjO0rOQ5byMi.Ye4oKoEa3Ro9llC/.og/at2.uheWG/igi',	22,	2,	'f',	'2023-03-07 10:12:52',	'tbcSo3rSes',	'2023-03-07 10:12:52',	'2023-03-07 10:12:52'),
(20,	'Prof. Cortez Schoen',	'deion56@example.net',	'$2y$10$92IXUNpkjO0rOQ5byMi.Ye4oKoEa3Ro9llC/.og/at2.uheWG/igi',	50,	2,	'f',	'2023-03-07 10:12:52',	'OP5tHXGwmA',	'2023-03-07 10:12:52',	'2023-03-07 10:12:52'),
(21,	'Rifqie Bagus F',	'bagusrifqie@gmail.com',	'$2y$10$Thy5Kqh8CVi0r3rppb0H4.LIquEX/NqbtPAcYd7vcdpUHgo28S3xq',	NULL,	3,	'f',	NULL,	NULL,	'2023-03-07 10:53:41',	'2023-03-07 10:53:41');

ALTER TABLE ONLY "public"."journal_subject" ADD CONSTRAINT "journal_subject_journal_id_foreign" FOREIGN KEY (journal_id) REFERENCES journals(id) ON DELETE CASCADE NOT DEFERRABLE;
ALTER TABLE ONLY "public"."journal_subject" ADD CONSTRAINT "journal_subject_subject_id_foreign" FOREIGN KEY (subject_id) REFERENCES subjects(id) ON DELETE CASCADE NOT DEFERRABLE;

-- 2023-03-07 20:10:05.575427+07
